updated_at,id,start_date,end_date,election_type,result_type,special,office,district,name_raw,last_name,first_name,suffix,middle_name,party,jurisdiction,division,votes,votes_type,total_votes,winner,write_in,year,notes
2015-09-26 18:50:18.388000,az-2000-02-22-primary,2000-02-22 00:00:00,2000-02-22 00:00:00,primary,certified,False,President,,James T. Zanon,,,,,REP,Gila,ocd-division/country:us/state:az/county:gila,2,,,,,2000,
2015-09-26 18:50:18.388000,az-2000-02-22-primary,2000-02-22 00:00:00,2000-02-22 00:00:00,primary,certified,False,President,,James T. Zanon,,,,,REP,Coconino,ocd-division/country:us/state:az/county:coconino,3,,,,,2000,
2015-09-26 18:50:18.388000,az-2000-02-22-primary,2000-02-22 00:00:00,2000-02-22 00:00:00,primary,certified,False,President,,James T. Zanon,,,,,REP,Cochise,ocd-division/country:us/state:az/county:cochise,1,,,,,2000,
2015-09-26 18:50:18.388000,az-2000-02-22-primary,2000-02-22 00:00:00,2000-02-22 00:00:00,primary,certified,False,President,,James T. Zanon,,,,,REP,Apache,ocd-division/country:us/state:az/county:apache,4,,,,,2000,
2015-09-26 18:50:18.388000,az-2000-02-22-primary,2000-02-22 00:00:00,2000-02-22 00:00:00,primary,certified,False,President,,Chuck See,,,,,REP,,ocd-division/country:us/state:az/county:,28,,,,,2000,
2015-09-26 18:50:18.388000,az-2000-02-22-primary,2000-02-22 00:00:00,2000-02-22 00:00:00,primary,certified,False,President,,Chuck See,,,,,REP,Yuma,ocd-division/country:us/state:az/county:yuma,0,,,,,2000,
2015-09-26 18:50:18.388000,az-2000-02-22-primary,2000-02-22 00:00:00,2000-02-22 00:00:00,primary,certified,False,President,,Chuck See,,,,,REP,Yavapai,ocd-division/country:us/state:az/county:yavapai,0,,,,,2000,
2015-09-26 18:50:18.388000,az-2000-02-22-primary,2000-02-22 00:00:00,2000-02-22 00:00:00,primary,certified,False,President,,Chuck See,,,,,REP,Santa Cruz,ocd-division/country:us/state:az/county:santa_cruz,0,,,,,2000,
2015-09-26 18:50:18.388000,az-2000-02-22-primary,2000-02-22 00:00:00,2000-02-22 00:00:00,primary,certified,False,President,,Chuck See,,,,,REP,Pinal,ocd-division/country:us/state:az/county:pinal,0,,,,,2000,
2015-09-26 18:50:18.388000,az-2000-02-22-primary,2000-02-22 00:00:00,2000-02-22 00:00:00,primary,certified,False,President,,Chuck See,,,,,REP,Pima,ocd-division/country:us/state:az/county:pima,3,,,,,2000,
2015-09-26 18:50:18.388000,az-2000-02-22-primary,2000-02-22 00:00:00,2000-02-22 00:00:00,primary,certified,False,President,,Chuck See,,,,,REP,Navajo,ocd-division/country:us/state:az/county:navajo,2,,,,,2000,
2015-09-26 18:50:18.388000,az-2000-02-22-primary,2000-02-22 00:00:00,2000-02-22 00:00:00,primary,certified,False,President,,Chuck See,,,,,REP,Mohave,ocd-division/country:us/state:az/county:mohave,0,,,,,2000,
2015-09-26 18:50:18.388000,az-2000-02-22-primary,2000-02-22 00:00:00,2000-02-22 00:00:00,primary,certified,False,President,,Chuck See,,,,,REP,Maricopa,ocd-division/country:us/state:az/county:maricopa,19,,,,,2000,
2015-09-26 18:50:18.388000,az-2000-02-22-primary,2000-02-22 00:00:00,2000-02-22 00:00:00,primary,certified,False,President,,Chuck See,,,,,REP,La Paz,ocd-division/country:us/state:az/county:la_paz,0,,,,,2000,
2015-09-26 18:50:18.388000,az-2000-02-22-primary,2000-02-22 00:00:00,2000-02-22 00:00:00,primary,certified,False,President,,Chuck See,,,,,REP,Greenlee,ocd-division/country:us/state:az/county:greenlee,0,,,,,2000,
2015-09-26 18:50:18.388000,az-2000-02-22-primary,2000-02-22 00:00:00,2000-02-22 00:00:00,primary,certified,False,President,,Chuck See,,,,,REP,Graham,ocd-division/country:us/state:az/county:graham,0,,,,,2000,
2015-09-26 18:50:18.388000,az-2000-02-22-primary,2000-02-22 00:00:00,2000-02-22 00:00:00,primary,certified,False,President,,Chuck See,,,,,REP,Gila,ocd-division/country:us/state:az/county:gila,1,,,,,2000,
2015-09-26 18:50:18.388000,az-2000-02-22-primary,2000-02-22 00:00:00,2000-02-22 00:00:00,primary,certified,False,President,,Chuck See,,,,,REP,Coconino,ocd-division/country:us/state:az/county:coconino,0,,,,,2000,
2015-09-26 18:50:18.388000,az-2000-02-22-primary,2000-02-22 00:00:00,2000-02-22 00:00:00,primary,certified,False,President,,Chuck See,,,,,REP,Cochise,ocd-division/country:us/state:az/county:cochise,0,,,,,2000,
2015-09-26 18:50:18.388000,az-2000-02-22-primary,2000-02-22 00:00:00,2000-02-22 00:00:00,primary,certified,False,President,,Chuck See,,,,,REP,Apache,ocd-division/country:us/state:az/county:apache,3,,,,,2000,
2015-09-26 18:50:18.388000,az-2000-02-22-primary,2000-02-22 00:00:00,2000-02-22 00:00:00,primary,certified,False,President,,John R. McGrath,,,,,REP,,ocd-division/country:us/state:az/county:,239,,,,,2000,
2015-09-26 18:50:18.388000,az-2000-02-22-primary,2000-02-22 00:00:00,2000-02-22 00:00:00,primary,certified,False,President,,John R. McGrath,,,,,REP,Yuma,ocd-division/country:us/state:az/county:yuma,4,,,,,2000,
2015-09-26 18:50:18.388000,az-2000-02-22-primary,2000-02-22 00:00:00,2000-02-22 00:00:00,primary,certified,False,President,,John R. McGrath,,,,,REP,Yavapai,ocd-division/country:us/state:az/county:yavapai,16,,,,,2000,
2015-09-26 18:50:18.388000,az-2000-02-22-primary,2000-02-22 00:00:00,2000-02-22 00:00:00,primary,certified,False,President,,John R. McGrath,,,,,REP,Santa Cruz,ocd-division/country:us/state:az/county:santa_cruz,0,,,,,2000,
2015-09-26 18:50:18.388000,az-2000-02-22-primary,2000-02-22 00:00:00,2000-02-22 00:00:00,primary,certified,False,President,,John R. McGrath,,,,,REP,Pinal,ocd-division/country:us/state:az/county:pinal,10,,,,,2000,
2015-09-26 18:50:18.388000,az-2000-02-22-primary,2000-02-22 00:00:00,2000-02-22 00:00:00,primary,certified,False,President,,John R. McGrath,,,,,REP,Pima,ocd-division/country:us/state:az/county:pima,28,,,,,2000,
2015-09-26 18:50:18.388000,az-2000-02-22-primary,2000-02-22 00:00:00,2000-02-22 00:00:00,primary,certified,False,President,,John R. McGrath,,,,,REP,Navajo,ocd-division/country:us/state:az/county:navajo,7,,,,,2000,
2015-09-26 18:50:18.388000,az-2000-02-22-primary,2000-02-22 00:00:00,2000-02-22 00:00:00,primary,certified,False,President,,John R. McGrath,,,,,REP,Mohave,ocd-division/country:us/state:az/county:mohave,13,,,,,2000,
2015-09-26 18:50:18.388000,az-2000-02-22-primary,2000-02-22 00:00:00,2000-02-22 00:00:00,primary,certified,False,President,,John R. McGrath,,,,,REP,Maricopa,ocd-division/country:us/state:az/county:maricopa,124,,,,,2000,
2015-09-26 18:50:18.388000,az-2000-02-22-primary,2000-02-22 00:00:00,2000-02-22 00:00:00,primary,certified,False,President,,John R. McGrath,,,,,REP,La Paz,ocd-division/country:us/state:az/county:la_paz,1,,,,,2000,
2015-09-26 18:50:18.388000,az-2000-02-22-primary,2000-02-22 00:00:00,2000-02-22 00:00:00,primary,certified,False,President,,John R. McGrath,,,,,REP,Greenlee,ocd-division/country:us/state:az/county:greenlee,3,,,,,2000,
2015-09-26 18:50:18.388000,az-2000-02-22-primary,2000-02-22 00:00:00,2000-02-22 00:00:00,primary,certified,False,President,,John R. McGrath,,,,,REP,Graham,ocd-division/country:us/state:az/county:graham,0,,,,,2000,
2015-09-26 18:50:18.388000,az-2000-02-22-primary,2000-02-22 00:00:00,2000-02-22 00:00:00,primary,certified,False,President,,John R. McGrath,,,,,REP,Gila,ocd-division/country:us/state:az/county:gila,7,,,,,2000,
2015-09-26 18:50:18.388000,az-2000-02-22-primary,2000-02-22 00:00:00,2000-02-22 00:00:00,primary,certified,False,President,,John R. McGrath,,,,,REP,Coconino,ocd-division/country:us/state:az/county:coconino,11,,,,,2000,
2015-09-26 18:50:18.388000,az-2000-02-22-primary,2000-02-22 00:00:00,2000-02-22 00:00:00,primary,certified,False,President,,John R. McGrath,,,,,REP,Cochise,ocd-division/country:us/state:az/county:cochise,5,,,,,2000,
2015-09-26 18:50:18.388000,az-2000-02-22-primary,2000-02-22 00:00:00,2000-02-22 00:00:00,primary,certified,False,President,,John R. McGrath,,,,,REP,Apache,ocd-division/country:us/state:az/county:apache,10,,,,,2000,
2015-09-26 18:50:18.388000,az-2000-02-22-primary,2000-02-22 00:00:00,2000-02-22 00:00:00,primary,certified,False,President,,John McCain,,,,,REP,,ocd-division/country:us/state:az/county:,193708,,,,,2000,
2015-09-26 18:50:18.388000,az-2000-02-22-primary,2000-02-22 00:00:00,2000-02-22 00:00:00,primary,certified,False,President,,John McCain,,,,,REP,Yuma,ocd-division/country:us/state:az/county:yuma,3335,,,,,2000,
2015-09-26 18:50:18.388000,az-2000-02-22-primary,2000-02-22 00:00:00,2000-02-22 00:00:00,primary,certified,False,President,,John McCain,,,,,REP,Yavapai,ocd-division/country:us/state:az/county:yavapai,11425,,,,,2000,
2015-09-26 18:50:18.388000,az-2000-02-22-primary,2000-02-22 00:00:00,2000-02-22 00:00:00,primary,certified,False,President,,John McCain,,,,,REP,Santa Cruz,ocd-division/country:us/state:az/county:santa_cruz,693,,,,,2000,
2015-09-26 18:50:18.388000,az-2000-02-22-primary,2000-02-22 00:00:00,2000-02-22 00:00:00,primary,certified,False,President,,John McCain,,,,,REP,Pinal,ocd-division/country:us/state:az/county:pinal,4610,,,,,2000,
2015-09-26 18:50:18.388000,az-2000-02-22-primary,2000-02-22 00:00:00,2000-02-22 00:00:00,primary,certified,False,President,,John McCain,,,,,REP,Pima,ocd-division/country:us/state:az/county:pima,42200,,,,,2000,
2015-09-26 18:50:18.388000,az-2000-02-22-primary,2000-02-22 00:00:00,2000-02-22 00:00:00,primary,certified,False,President,,John McCain,,,,,REP,Navajo,ocd-division/country:us/state:az/county:navajo,2752,,,,,2000,
2015-09-26 18:50:18.388000,az-2000-02-22-primary,2000-02-22 00:00:00,2000-02-22 00:00:00,primary,certified,False,President,,John McCain,,,,,REP,Mohave,ocd-division/country:us/state:az/county:mohave,7153,,,,,2000,
2015-09-26 18:50:18.388000,az-2000-02-22-primary,2000-02-22 00:00:00,2000-02-22 00:00:00,primary,certified,False,President,,John McCain,,,,,REP,Maricopa,ocd-division/country:us/state:az/county:maricopa,107828,,,,,2000,
2015-09-26 18:50:18.388000,az-2000-02-22-primary,2000-02-22 00:00:00,2000-02-22 00:00:00,primary,certified,False,President,,John McCain,,,,,REP,La Paz,ocd-division/country:us/state:az/county:la_paz,592,,,,,2000,
2015-09-26 18:50:18.388000,az-2000-02-22-primary,2000-02-22 00:00:00,2000-02-22 00:00:00,primary,certified,False,President,,John McCain,,,,,REP,Greenlee,ocd-division/country:us/state:az/county:greenlee,153,,,,,2000,
2015-09-26 18:50:18.388000,az-2000-02-22-primary,2000-02-22 00:00:00,2000-02-22 00:00:00,primary,certified,False,President,,John McCain,,,,,REP,Graham,ocd-division/country:us/state:az/county:graham,851,,,,,2000,
2015-09-26 18:50:18.388000,az-2000-02-22-primary,2000-02-22 00:00:00,2000-02-22 00:00:00,primary,certified,False,President,,John McCain,,,,,REP,Gila,ocd-division/country:us/state:az/county:gila,2351,,,,,2000,
2015-09-26 18:50:18.388000,az-2000-02-22-primary,2000-02-22 00:00:00,2000-02-22 00:00:00,primary,certified,False,President,,John McCain,,,,,REP,Coconino,ocd-division/country:us/state:az/county:coconino,3940,,,,,2000,
2015-09-26 18:50:18.388000,az-2000-02-22-primary,2000-02-22 00:00:00,2000-02-22 00:00:00,primary,certified,False,President,,John McCain,,,,,REP,Cochise,ocd-division/country:us/state:az/county:cochise,4795,,,,,2000,
2015-09-26 18:50:18.388000,az-2000-02-22-primary,2000-02-22 00:00:00,2000-02-22 00:00:00,primary,certified,False,President,,John McCain,,,,,REP,Apache,ocd-division/country:us/state:az/county:apache,1030,,,,,2000,
2015-09-26 18:50:18.388000,az-2000-02-22-primary,2000-02-22 00:00:00,2000-02-22 00:00:00,primary,certified,False,President,,Alan Keyes,,,,,REP,,ocd-division/country:us/state:az/county:,11500,,,,,2000,
2015-09-26 18:50:18.388000,az-2000-02-22-primary,2000-02-22 00:00:00,2000-02-22 00:00:00,primary,certified,False,President,,Alan Keyes,,,,,REP,Yuma,ocd-division/country:us/state:az/county:yuma,218,,,,,2000,
2015-09-26 18:50:18.388000,az-2000-02-22-primary,2000-02-22 00:00:00,2000-02-22 00:00:00,primary,certified,False,President,,Alan Keyes,,,,,REP,Yavapai,ocd-division/country:us/state:az/county:yavapai,781,,,,,2000,
2015-09-26 18:50:18.388000,az-2000-02-22-primary,2000-02-22 00:00:00,2000-02-22 00:00:00,primary,certified,False,President,,Alan Keyes,,,,,REP,Santa Cruz,ocd-division/country:us/state:az/county:santa_cruz,49,,,,,2000,
2015-09-26 18:50:18.388000,az-2000-02-22-primary,2000-02-22 00:00:00,2000-02-22 00:00:00,primary,certified,False,President,,Alan Keyes,,,,,REP,Pinal,ocd-division/country:us/state:az/county:pinal,247,,,,,2000,
2015-09-26 18:50:18.388000,az-2000-02-22-primary,2000-02-22 00:00:00,2000-02-22 00:00:00,primary,certified,False,President,,Alan Keyes,,,,,REP,Pima,ocd-division/country:us/state:az/county:pima,1733,,,,,2000,
2015-09-26 18:50:18.388000,az-2000-02-22-primary,2000-02-22 00:00:00,2000-02-22 00:00:00,primary,certified,False,President,,Alan Keyes,,,,,REP,Navajo,ocd-division/country:us/state:az/county:navajo,266,,,,,2000,
2015-09-26 18:50:18.388000,az-2000-02-22-primary,2000-02-22 00:00:00,2000-02-22 00:00:00,primary,certified,False,President,,Alan Keyes,,,,,REP,Mohave,ocd-division/country:us/state:az/county:mohave,340,,,,,2000,
2015-09-26 18:50:18.388000,az-2000-02-22-primary,2000-02-22 00:00:00,2000-02-22 00:00:00,primary,certified,False,President,,Alan Keyes,,,,,REP,Maricopa,ocd-division/country:us/state:az/county:maricopa,6880,,,,,2000,
2015-09-26 18:50:18.388000,az-2000-02-22-primary,2000-02-22 00:00:00,2000-02-22 00:00:00,primary,certified,False,President,,Alan Keyes,,,,,REP,La Paz,ocd-division/country:us/state:az/county:la_paz,28,,,,,2000,
2015-09-26 18:50:18.388000,az-2000-02-22-primary,2000-02-22 00:00:00,2000-02-22 00:00:00,primary,certified,False,President,,Alan Keyes,,,,,REP,Greenlee,ocd-division/country:us/state:az/county:greenlee,19,,,,,2000,
2015-09-26 18:50:18.388000,az-2000-02-22-primary,2000-02-22 00:00:00,2000-02-22 00:00:00,primary,certified,False,President,,Alan Keyes,,,,,REP,Graham,ocd-division/country:us/state:az/county:graham,145,,,,,2000,
2015-09-26 18:50:18.388000,az-2000-02-22-primary,2000-02-22 00:00:00,2000-02-22 00:00:00,primary,certified,False,President,,Alan Keyes,,,,,REP,Gila,ocd-division/country:us/state:az/county:gila,211,,,,,2000,
2015-09-26 18:50:18.388000,az-2000-02-22-primary,2000-02-22 00:00:00,2000-02-22 00:00:00,primary,certified,False,President,,Alan Keyes,,,,,REP,Coconino,ocd-division/country:us/state:az/county:coconino,212,,,,,2000,
2015-09-26 18:50:18.388000,az-2000-02-22-primary,2000-02-22 00:00:00,2000-02-22 00:00:00,primary,certified,False,President,,Alan Keyes,,,,,REP,Cochise,ocd-division/country:us/state:az/county:cochise,291,,,,,2000,
2015-09-26 18:50:18.388000,az-2000-02-22-primary,2000-02-22 00:00:00,2000-02-22 00:00:00,primary,certified,False,President,,Alan Keyes,,,,,REP,Apache,ocd-division/country:us/state:az/county:apache,80,,,,,2000,
2015-09-26 18:50:18.388000,az-2000-02-22-primary,2000-02-22 00:00:00,2000-02-22 00:00:00,primary,certified,False,President,,Orrin G. Hatch,,,,,REP,,ocd-division/country:us/state:az/county:,637,,,,,2000,
2015-09-26 18:50:18.388000,az-2000-02-22-primary,2000-02-22 00:00:00,2000-02-22 00:00:00,primary,certified,False,President,,Orrin G. Hatch,,,,,REP,Yuma,ocd-division/country:us/state:az/county:yuma,12,,,,,2000,
2015-09-26 18:50:18.388000,az-2000-02-22-primary,2000-02-22 00:00:00,2000-02-22 00:00:00,primary,certified,False,President,,Orrin G. Hatch,,,,,REP,Yavapai,ocd-division/country:us/state:az/county:yavapai,19,,,,,2000,
2015-09-26 18:50:18.388000,az-2000-02-22-primary,2000-02-22 00:00:00,2000-02-22 00:00:00,primary,certified,False,President,,Orrin G. Hatch,,,,,REP,Santa Cruz,ocd-division/country:us/state:az/county:santa_cruz,0,,,,,2000,
2015-09-26 18:50:18.388000,az-2000-02-22-primary,2000-02-22 00:00:00,2000-02-22 00:00:00,primary,certified,False,President,,Orrin G. Hatch,,,,,REP,Pinal,ocd-division/country:us/state:az/county:pinal,23,,,,,2000,
2015-09-26 18:50:18.388000,az-2000-02-22-primary,2000-02-22 00:00:00,2000-02-22 00:00:00,primary,certified,False,President,,Orrin G. Hatch,,,,,REP,Pima,ocd-division/country:us/state:az/county:pima,54,,,,,2000,
2015-09-26 18:50:18.388000,az-2000-02-22-primary,2000-02-22 00:00:00,2000-02-22 00:00:00,primary,certified,False,President,,Orrin G. Hatch,,,,,REP,Navajo,ocd-division/country:us/state:az/county:navajo,54,,,,,2000,
2015-09-26 18:50:18.388000,az-2000-02-22-primary,2000-02-22 00:00:00,2000-02-22 00:00:00,primary,certified,False,President,,Orrin G. Hatch,,,,,REP,Mohave,ocd-division/country:us/state:az/county:mohave,13,,,,,2000,
2015-09-26 18:50:18.388000,az-2000-02-22-primary,2000-02-22 00:00:00,2000-02-22 00:00:00,primary,certified,False,President,,Orrin G. Hatch,,,,,REP,Maricopa,ocd-division/country:us/state:az/county:maricopa,362,,,,,2000,
2015-09-26 18:50:18.388000,az-2000-02-22-primary,2000-02-22 00:00:00,2000-02-22 00:00:00,primary,certified,False,President,,Orrin G. Hatch,,,,,REP,La Paz,ocd-division/country:us/state:az/county:la_paz,4,,,,,2000,
2015-09-26 18:50:18.388000,az-2000-02-22-primary,2000-02-22 00:00:00,2000-02-22 00:00:00,primary,certified,False,President,,Orrin G. Hatch,,,,,REP,Greenlee,ocd-division/country:us/state:az/county:greenlee,2,,,,,2000,
2015-09-26 18:50:18.388000,az-2000-02-22-primary,2000-02-22 00:00:00,2000-02-22 00:00:00,primary,certified,False,President,,Orrin G. Hatch,,,,,REP,Graham,ocd-division/country:us/state:az/county:graham,18,,,,,2000,
2015-09-26 18:50:18.388000,az-2000-02-22-primary,2000-02-22 00:00:00,2000-02-22 00:00:00,primary,certified,False,President,,Orrin G. Hatch,,,,,REP,Gila,ocd-division/country:us/state:az/county:gila,8,,,,,2000,
2015-09-26 18:50:18.388000,az-2000-02-22-primary,2000-02-22 00:00:00,2000-02-22 00:00:00,primary,certified,False,President,,Orrin G. Hatch,,,,,REP,Coconino,ocd-division/country:us/state:az/county:coconino,23,,,,,2000,
2015-09-26 18:50:18.388000,az-2000-02-22-primary,2000-02-22 00:00:00,2000-02-22 00:00:00,primary,certified,False,President,,Orrin G. Hatch,,,,,REP,Cochise,ocd-division/country:us/state:az/county:cochise,24,,,,,2000,
2015-09-26 18:50:18.388000,az-2000-02-22-primary,2000-02-22 00:00:00,2000-02-22 00:00:00,primary,certified,False,President,,Orrin G. Hatch,,,,,REP,Apache,ocd-division/country:us/state:az/county:apache,21,,,,,2000,
2015-09-26 18:50:18.388000,az-2000-02-22-primary,2000-02-22 00:00:00,2000-02-22 00:00:00,primary,certified,False,President,,Steve Forbes,,,,,REP,,ocd-division/country:us/state:az/county:,1211,,,,,2000,
2015-09-26 18:50:18.388000,az-2000-02-22-primary,2000-02-22 00:00:00,2000-02-22 00:00:00,primary,certified,False,President,,Steve Forbes,,,,,REP,Yuma,ocd-division/country:us/state:az/county:yuma,22,,,,,2000,
2015-09-26 18:50:18.388000,az-2000-02-22-primary,2000-02-22 00:00:00,2000-02-22 00:00:00,primary,certified,False,President,,Steve Forbes,,,,,REP,Yavapai,ocd-division/country:us/state:az/county:yavapai,123,,,,,2000,
2015-09-26 18:50:18.388000,az-2000-02-22-primary,2000-02-22 00:00:00,2000-02-22 00:00:00,primary,certified,False,President,,Steve Forbes,,,,,REP,Santa Cruz,ocd-division/country:us/state:az/county:santa_cruz,4,,,,,2000,
2015-09-26 18:50:18.388000,az-2000-02-22-primary,2000-02-22 00:00:00,2000-02-22 00:00:00,primary,certified,False,President,,Steve Forbes,,,,,REP,Pinal,ocd-division/country:us/state:az/county:pinal,19,,,,,2000,
2015-09-26 18:50:18.388000,az-2000-02-22-primary,2000-02-22 00:00:00,2000-02-22 00:00:00,primary,certified,False,President,,Steve Forbes,,,,,REP,Pima,ocd-division/country:us/state:az/county:pima,113,,,,,2000,
2015-09-26 18:50:18.388000,az-2000-02-22-primary,2000-02-22 00:00:00,2000-02-22 00:00:00,primary,certified,False,President,,Steve Forbes,,,,,REP,Navajo,ocd-division/country:us/state:az/county:navajo,19,,,,,2000,
2015-09-26 18:50:18.388000,az-2000-02-22-primary,2000-02-22 00:00:00,2000-02-22 00:00:00,primary,certified,False,President,,Steve Forbes,,,,,REP,Mohave,ocd-division/country:us/state:az/county:mohave,49,,,,,2000,
2015-09-26 18:50:18.388000,az-2000-02-22-primary,2000-02-22 00:00:00,2000-02-22 00:00:00,primary,certified,False,President,,Steve Forbes,,,,,REP,Maricopa,ocd-division/country:us/state:az/county:maricopa,776,,,,,2000,
2015-09-26 18:50:18.388000,az-2000-02-22-primary,2000-02-22 00:00:00,2000-02-22 00:00:00,primary,certified,False,President,,Steve Forbes,,,,,REP,La Paz,ocd-division/country:us/state:az/county:la_paz,4,,,,,2000,
2015-09-26 18:50:18.388000,az-2000-02-22-primary,2000-02-22 00:00:00,2000-02-22 00:00:00,primary,certified,False,President,,Steve Forbes,,,,,REP,Greenlee,ocd-division/country:us/state:az/county:greenlee,1,,,,,2000,
2015-09-26 18:50:18.388000,az-2000-02-22-primary,2000-02-22 00:00:00,2000-02-22 00:00:00,primary,certified,False,President,,Steve Forbes,,,,,REP,Graham,ocd-division/country:us/state:az/county:graham,9,,,,,2000,
2015-09-26 18:50:18.388000,az-2000-02-22-primary,2000-02-22 00:00:00,2000-02-22 00:00:00,primary,certified,False,President,,Steve Forbes,,,,,REP,Gila,ocd-division/country:us/state:az/county:gila,29,,,,,2000,
2015-09-26 18:50:18.388000,az-2000-02-22-primary,2000-02-22 00:00:00,2000-02-22 00:00:00,primary,certified,False,President,,Steve Forbes,,,,,REP,Coconino,ocd-division/country:us/state:az/county:coconino,20,,,,,2000,
2015-09-26 18:50:18.388000,az-2000-02-22-primary,2000-02-22 00:00:00,2000-02-22 00:00:00,primary,certified,False,President,,Steve Forbes,,,,,REP,Cochise,ocd-division/country:us/state:az/county:cochise,19,,,,,2000,
2015-09-26 18:50:18.388000,az-2000-02-22-primary,2000-02-22 00:00:00,2000-02-22 00:00:00,primary,certified,False,President,,Steve Forbes,,,,,REP,Apache,ocd-division/country:us/state:az/county:apache,4,,,,,2000,
2015-09-26 18:50:18.388000,az-2000-02-22-primary,2000-02-22 00:00:00,2000-02-22 00:00:00,primary,certified,False,President,,George W. Bush,,,,,REP,,ocd-division/country:us/state:az/county:,115115,,,,,2000,
2015-09-26 18:50:18.388000,az-2000-02-22-primary,2000-02-22 00:00:00,2000-02-22 00:00:00,primary,certified,False,President,,George W. Bush,,,,,REP,Yuma,ocd-division/country:us/state:az/county:yuma,2897,,,,,2000,
2015-09-26 18:50:18.388000,az-2000-02-22-primary,2000-02-22 00:00:00,2000-02-22 00:00:00,primary,certified,False,President,,George W. Bush,,,,,REP,Yavapai,ocd-division/country:us/state:az/county:yavapai,7272,,,,,2000,
2015-09-26 18:50:18.388000,az-2000-02-22-primary,2000-02-22 00:00:00,2000-02-22 00:00:00,primary,certified,False,President,,George W. Bush,,,,,REP,Santa Cruz,ocd-division/country:us/state:az/county:santa_cruz,286,,,,,2000,
2015-09-26 18:50:18.388000,az-2000-02-22-primary,2000-02-22 00:00:00,2000-02-22 00:00:00,primary,certified,False,President,,George W. Bush,,,,,REP,Pinal,ocd-division/country:us/state:az/county:pinal,2813,,,,,2000,
2015-09-26 18:50:18.388000,az-2000-02-22-primary,2000-02-22 00:00:00,2000-02-22 00:00:00,primary,certified,False,President,,George W. Bush,,,,,REP,Pima,ocd-division/country:us/state:az/county:pima,17772,,,,,2000,
2015-09-26 18:50:18.388000,az-2000-02-22-primary,2000-02-22 00:00:00,2000-02-22 00:00:00,primary,certified,False,President,,George W. Bush,,,,,REP,Navajo,ocd-division/country:us/state:az/county:navajo,1620,,,,,2000,
2015-09-26 18:50:18.388000,az-2000-02-22-primary,2000-02-22 00:00:00,2000-02-22 00:00:00,primary,certified,False,President,,George W. Bush,,,,,REP,Mohave,ocd-division/country:us/state:az/county:mohave,3885,,,,,2000,
2015-09-26 18:50:18.388000,az-2000-02-22-primary,2000-02-22 00:00:00,2000-02-22 00:00:00,primary,certified,False,President,,George W. Bush,,,,,REP,Maricopa,ocd-division/country:us/state:az/county:maricopa,70792,,,,,2000,
2015-09-26 18:50:18.388000,az-2000-02-22-primary,2000-02-22 00:00:00,2000-02-22 00:00:00,primary,certified,False,President,,George W. Bush,,,,,REP,La Paz,ocd-division/country:us/state:az/county:la_paz,451,,,,,2000,
2015-09-26 18:50:18.388000,az-2000-02-22-primary,2000-02-22 00:00:00,2000-02-22 00:00:00,primary,certified,False,President,,George W. Bush,,,,,REP,Greenlee,ocd-division/country:us/state:az/county:greenlee,120,,,,,2000,
2015-09-26 18:50:18.388000,az-2000-02-22-primary,2000-02-22 00:00:00,2000-02-22 00:00:00,primary,certified,False,President,,George W. Bush,,,,,REP,Graham,ocd-division/country:us/state:az/county:graham,743,,,,,2000,
2015-09-26 18:50:18.388000,az-2000-02-22-primary,2000-02-22 00:00:00,2000-02-22 00:00:00,primary,certified,False,President,,George W. Bush,,,,,REP,Gila,ocd-division/country:us/state:az/county:gila,1327,,,,,2000,
2015-09-26 18:50:18.388000,az-2000-02-22-primary,2000-02-22 00:00:00,2000-02-22 00:00:00,primary,certified,False,President,,George W. Bush,,,,,REP,Coconino,ocd-division/country:us/state:az/county:coconino,1980,,,,,2000,
2015-09-26 18:50:18.388000,az-2000-02-22-primary,2000-02-22 00:00:00,2000-02-22 00:00:00,primary,certified,False,President,,George W. Bush,,,,,REP,Cochise,ocd-division/country:us/state:az/county:cochise,2596,,,,,2000,
2015-09-26 18:50:18.388000,az-2000-02-22-primary,2000-02-22 00:00:00,2000-02-22 00:00:00,primary,certified,False,President,,George W. Bush,,,,,REP,Apache,ocd-division/country:us/state:az/county:apache,561,,,,,2000,
2015-09-26 18:50:18.388000,az-2000-02-22-primary,2000-02-22 00:00:00,2000-02-22 00:00:00,primary,certified,False,President,,Gary Bauer,,,,,REP,,ocd-division/country:us/state:az/county:,177,,,,,2000,
2015-09-26 18:50:18.388000,az-2000-02-22-primary,2000-02-22 00:00:00,2000-02-22 00:00:00,primary,certified,False,President,,Gary Bauer,,,,,REP,Yuma,ocd-division/country:us/state:az/county:yuma,10,,,,,2000,
2015-09-26 18:50:18.388000,az-2000-02-22-primary,2000-02-22 00:00:00,2000-02-22 00:00:00,primary,certified,False,President,,Gary Bauer,,,,,REP,Yavapai,ocd-division/country:us/state:az/county:yavapai,15,,,,,2000,
2015-09-26 18:50:18.388000,az-2000-02-22-primary,2000-02-22 00:00:00,2000-02-22 00:00:00,primary,certified,False,President,,Gary Bauer,,,,,REP,Santa Cruz,ocd-division/country:us/state:az/county:santa_cruz,2,,,,,2000,
2015-09-26 18:50:18.388000,az-2000-02-22-primary,2000-02-22 00:00:00,2000-02-22 00:00:00,primary,certified,False,President,,Gary Bauer,,,,,REP,Pinal,ocd-division/country:us/state:az/county:pinal,2,,,,,2000,
2015-09-26 18:50:18.388000,az-2000-02-22-primary,2000-02-22 00:00:00,2000-02-22 00:00:00,primary,certified,False,President,,Gary Bauer,,,,,REP,Pima,ocd-division/country:us/state:az/county:pima,38,,,,,2000,
2015-09-26 18:50:18.388000,az-2000-02-22-primary,2000-02-22 00:00:00,2000-02-22 00:00:00,primary,certified,False,President,,Gary Bauer,,,,,REP,Navajo,ocd-division/country:us/state:az/county:navajo,7,,,,,2000,
2015-09-26 18:50:18.388000,az-2000-02-22-primary,2000-02-22 00:00:00,2000-02-22 00:00:00,primary,certified,False,President,,Gary Bauer,,,,,REP,Mohave,ocd-division/country:us/state:az/county:mohave,7,,,,,2000,
2015-09-26 18:50:18.388000,az-2000-02-22-primary,2000-02-22 00:00:00,2000-02-22 00:00:00,primary,certified,False,President,,Gary Bauer,,,,,REP,Maricopa,ocd-division/country:us/state:az/county:maricopa,72,,,,,2000,
2015-09-26 18:50:18.388000,az-2000-02-22-primary,2000-02-22 00:00:00,2000-02-22 00:00:00,primary,certified,False,President,,Gary Bauer,,,,,REP,La Paz,ocd-division/country:us/state:az/county:la_paz,3,,,,,2000,
2015-09-26 18:50:18.388000,az-2000-02-22-primary,2000-02-22 00:00:00,2000-02-22 00:00:00,primary,certified,False,President,,Gary Bauer,,,,,REP,Greenlee,ocd-division/country:us/state:az/county:greenlee,0,,,,,2000,
2015-09-26 18:50:18.388000,az-2000-02-22-primary,2000-02-22 00:00:00,2000-02-22 00:00:00,primary,certified,False,President,,Gary Bauer,,,,,REP,Graham,ocd-division/country:us/state:az/county:graham,2,,,,,2000,
2015-09-26 18:50:18.388000,az-2000-02-22-primary,2000-02-22 00:00:00,2000-02-22 00:00:00,primary,certified,False,President,,Gary Bauer,,,,,REP,Gila,ocd-division/country:us/state:az/county:gila,6,,,,,2000,
2015-09-26 18:50:18.388000,az-2000-02-22-primary,2000-02-22 00:00:00,2000-02-22 00:00:00,primary,certified,False,President,,Gary Bauer,,,,,REP,Coconino,ocd-division/country:us/state:az/county:coconino,9,,,,,2000,
2015-09-26 18:50:18.388000,az-2000-02-22-primary,2000-02-22 00:00:00,2000-02-22 00:00:00,primary,certified,False,President,,Gary Bauer,,,,,REP,Cochise,ocd-division/country:us/state:az/county:cochise,3,,,,,2000,
2015-09-26 18:50:18.388000,az-2000-02-22-primary,2000-02-22 00:00:00,2000-02-22 00:00:00,primary,certified,False,President,,Gary Bauer,,,,,REP,Apache,ocd-division/country:us/state:az/county:apache,1,,,,,2000,
2015-09-26 18:50:18.388000,az-2000-02-22-primary,2000-02-22 00:00:00,2000-02-22 00:00:00,primary,certified,False,President,,David Lynn Hollist,,,,,LBT,,ocd-division/country:us/state:az/county:,63,,,,,2000,
2015-09-26 18:50:18.388000,az-2000-02-22-primary,2000-02-22 00:00:00,2000-02-22 00:00:00,primary,certified,False,President,,David Lynn Hollist,,,,,LBT,Yuma,ocd-division/country:us/state:az/county:yuma,1,,,,,2000,
2015-09-26 18:50:18.388000,az-2000-02-22-primary,2000-02-22 00:00:00,2000-02-22 00:00:00,primary,certified,False,President,,David Lynn Hollist,,,,,LBT,Yavapai,ocd-division/country:us/state:az/county:yavapai,4,,,,,2000,
2015-09-26 18:50:18.388000,az-2000-02-22-primary,2000-02-22 00:00:00,2000-02-22 00:00:00,primary,certified,False,President,,David Lynn Hollist,,,,,LBT,Santa Cruz,ocd-division/country:us/state:az/county:santa_cruz,0,,,,,2000,
2015-09-26 18:50:18.388000,az-2000-02-22-primary,2000-02-22 00:00:00,2000-02-22 00:00:00,primary,certified,False,President,,David Lynn Hollist,,,,,LBT,Pinal,ocd-division/country:us/state:az/county:pinal,2,,,,,2000,
2015-09-26 18:50:18.388000,az-2000-02-22-primary,2000-02-22 00:00:00,2000-02-22 00:00:00,primary,certified,False,President,,David Lynn Hollist,,,,,LBT,Pima,ocd-division/country:us/state:az/county:pima,29,,,,,2000,
2015-09-26 18:50:18.388000,az-2000-02-22-primary,2000-02-22 00:00:00,2000-02-22 00:00:00,primary,certified,False,President,,David Lynn Hollist,,,,,LBT,Navajo,ocd-division/country:us/state:az/county:navajo,1,,,,,2000,
2015-09-26 18:50:18.388000,az-2000-02-22-primary,2000-02-22 00:00:00,2000-02-22 00:00:00,primary,certified,False,President,,David Lynn Hollist,,,,,LBT,Mohave,ocd-division/country:us/state:az/county:mohave,2,,,,,2000,
2015-09-26 18:50:18.388000,az-2000-02-22-primary,2000-02-22 00:00:00,2000-02-22 00:00:00,primary,certified,False,President,,David Lynn Hollist,,,,,LBT,Maricopa,ocd-division/country:us/state:az/county:maricopa,16,,,,,2000,
2015-09-26 18:50:18.388000,az-2000-02-22-primary,2000-02-22 00:00:00,2000-02-22 00:00:00,primary,certified,False,President,,David Lynn Hollist,,,,,LBT,La Paz,ocd-division/country:us/state:az/county:la_paz,0,,,,,2000,
2015-09-26 18:50:18.388000,az-2000-02-22-primary,2000-02-22 00:00:00,2000-02-22 00:00:00,primary,certified,False,President,,David Lynn Hollist,,,,,LBT,Greenlee,ocd-division/country:us/state:az/county:greenlee,0,,,,,2000,
2015-09-26 18:50:18.388000,az-2000-02-22-primary,2000-02-22 00:00:00,2000-02-22 00:00:00,primary,certified,False,President,,David Lynn Hollist,,,,,LBT,Graham,ocd-division/country:us/state:az/county:graham,0,,,,,2000,
2015-09-26 18:50:18.388000,az-2000-02-22-primary,2000-02-22 00:00:00,2000-02-22 00:00:00,primary,certified,False,President,,David Lynn Hollist,,,,,LBT,Gila,ocd-division/country:us/state:az/county:gila,2,,,,,2000,
2015-09-26 18:50:18.388000,az-2000-02-22-primary,2000-02-22 00:00:00,2000-02-22 00:00:00,primary,certified,False,President,,David Lynn Hollist,,,,,LBT,Coconino,ocd-division/country:us/state:az/county:coconino,4,,,,,2000,
2015-09-26 18:50:18.388000,az-2000-02-22-primary,2000-02-22 00:00:00,2000-02-22 00:00:00,primary,certified,False,President,,David Lynn Hollist,,,,,LBT,Cochise,ocd-division/country:us/state:az/county:cochise,1,,,,,2000,
2015-09-26 18:50:18.388000,az-2000-02-22-primary,2000-02-22 00:00:00,2000-02-22 00:00:00,primary,certified,False,President,,David Lynn Hollist,,,,,LBT,Apache,ocd-division/country:us/state:az/county:apache,1,,,,,2000,
2015-09-26 18:50:18.388000,az-2000-02-22-primary,2000-02-22 00:00:00,2000-02-22 00:00:00,primary,certified,False,President,,Larry Hines,,,,,LBT,,ocd-division/country:us/state:az/county:,97,,,,,2000,
2015-09-26 18:50:18.388000,az-2000-02-22-primary,2000-02-22 00:00:00,2000-02-22 00:00:00,primary,certified,False,President,,Larry Hines,,,,,LBT,Yuma,ocd-division/country:us/state:az/county:yuma,2,,,,,2000,
2015-09-26 18:50:18.388000,az-2000-02-22-primary,2000-02-22 00:00:00,2000-02-22 00:00:00,primary,certified,False,President,,Larry Hines,,,,,LBT,Yavapai,ocd-division/country:us/state:az/county:yavapai,7,,,,,2000,
2015-09-26 18:50:18.388000,az-2000-02-22-primary,2000-02-22 00:00:00,2000-02-22 00:00:00,primary,certified,False,President,,Larry Hines,,,,,LBT,Santa Cruz,ocd-division/country:us/state:az/county:santa_cruz,0,,,,,2000,
2015-09-26 18:50:18.388000,az-2000-02-22-primary,2000-02-22 00:00:00,2000-02-22 00:00:00,primary,certified,False,President,,Larry Hines,,,,,LBT,Pinal,ocd-division/country:us/state:az/county:pinal,4,,,,,2000,
2015-09-26 18:50:18.388000,az-2000-02-22-primary,2000-02-22 00:00:00,2000-02-22 00:00:00,primary,certified,False,President,,Larry Hines,,,,,LBT,Pima,ocd-division/country:us/state:az/county:pima,41,,,,,2000,
2015-09-26 18:50:18.388000,az-2000-02-22-primary,2000-02-22 00:00:00,2000-02-22 00:00:00,primary,certified,False,President,,Larry Hines,,,,,LBT,Navajo,ocd-division/country:us/state:az/county:navajo,1,,,,,2000,
2015-09-26 18:50:18.388000,az-2000-02-22-primary,2000-02-22 00:00:00,2000-02-22 00:00:00,primary,certified,False,President,,Larry Hines,,,,,LBT,Mohave,ocd-division/country:us/state:az/county:mohave,0,,,,,2000,
2015-09-26 18:50:18.388000,az-2000-02-22-primary,2000-02-22 00:00:00,2000-02-22 00:00:00,primary,certified,False,President,,Larry Hines,,,,,LBT,Maricopa,ocd-division/country:us/state:az/county:maricopa,31,,,,,2000,
2015-09-26 18:50:18.388000,az-2000-02-22-primary,2000-02-22 00:00:00,2000-02-22 00:00:00,primary,certified,False,President,,Larry Hines,,,,,LBT,La Paz,ocd-division/country:us/state:az/county:la_paz,0,,,,,2000,
2015-09-26 18:50:18.388000,az-2000-02-22-primary,2000-02-22 00:00:00,2000-02-22 00:00:00,primary,certified,False,President,,Larry Hines,,,,,LBT,Greenlee,ocd-division/country:us/state:az/county:greenlee,0,,,,,2000,
2015-09-26 18:50:18.388000,az-2000-02-22-primary,2000-02-22 00:00:00,2000-02-22 00:00:00,primary,certified,False,President,,Larry Hines,,,,,LBT,Graham,ocd-division/country:us/state:az/county:graham,0,,,,,2000,
2015-09-26 18:50:18.388000,az-2000-02-22-primary,2000-02-22 00:00:00,2000-02-22 00:00:00,primary,certified,False,President,,Larry Hines,,,,,LBT,Gila,ocd-division/country:us/state:az/county:gila,2,,,,,2000,
2015-09-26 18:50:18.388000,az-2000-02-22-primary,2000-02-22 00:00:00,2000-02-22 00:00:00,primary,certified,False,President,,Larry Hines,,,,,LBT,Coconino,ocd-division/country:us/state:az/county:coconino,4,,,,,2000,
2015-09-26 18:50:18.388000,az-2000-02-22-primary,2000-02-22 00:00:00,2000-02-22 00:00:00,primary,certified,False,President,,Larry Hines,,,,,LBT,Cochise,ocd-division/country:us/state:az/county:cochise,1,,,,,2000,
2015-09-26 18:50:18.388000,az-2000-02-22-primary,2000-02-22 00:00:00,2000-02-22 00:00:00,primary,certified,False,President,,Larry Hines,,,,,LBT,Apache,ocd-division/country:us/state:az/county:apache,4,,,,,2000,
2015-09-26 18:50:18.388000,az-2000-02-22-primary,2000-02-22 00:00:00,2000-02-22 00:00:00,primary,certified,False,President,,Harry Browne,,,,,LBT,,ocd-division/country:us/state:az/county:,553,,,,,2000,
2015-09-26 18:50:18.388000,az-2000-02-22-primary,2000-02-22 00:00:00,2000-02-22 00:00:00,primary,certified,False,President,,Harry Browne,,,,,LBT,Yuma,ocd-division/country:us/state:az/county:yuma,13,,,,,2000,
2015-09-26 18:50:18.388000,az-2000-02-22-primary,2000-02-22 00:00:00,2000-02-22 00:00:00,primary,certified,False,President,,Harry Browne,,,,,LBT,Yavapai,ocd-division/country:us/state:az/county:yavapai,37,,,,,2000,
2015-09-26 18:50:18.388000,az-2000-02-22-primary,2000-02-22 00:00:00,2000-02-22 00:00:00,primary,certified,False,President,,Harry Browne,,,,,LBT,Santa Cruz,ocd-division/country:us/state:az/county:santa_cruz,4,,,,,2000,
2015-09-26 18:50:18.388000,az-2000-02-22-primary,2000-02-22 00:00:00,2000-02-22 00:00:00,primary,certified,False,President,,Harry Browne,,,,,LBT,Pinal,ocd-division/country:us/state:az/county:pinal,10,,,,,2000,
2015-09-26 18:50:18.388000,az-2000-02-22-primary,2000-02-22 00:00:00,2000-02-22 00:00:00,primary,certified,False,President,,Harry Browne,,,,,LBT,Pima,ocd-division/country:us/state:az/county:pima,202,,,,,2000,
2015-09-26 18:50:18.388000,az-2000-02-22-primary,2000-02-22 00:00:00,2000-02-22 00:00:00,primary,certified,False,President,,Harry Browne,,,,,LBT,Navajo,ocd-division/country:us/state:az/county:navajo,2,,,,,2000,
2015-09-26 18:50:18.388000,az-2000-02-22-primary,2000-02-22 00:00:00,2000-02-22 00:00:00,primary,certified,False,President,,Harry Browne,,,,,LBT,Mohave,ocd-division/country:us/state:az/county:mohave,14,,,,,2000,
2015-09-26 18:50:18.388000,az-2000-02-22-primary,2000-02-22 00:00:00,2000-02-22 00:00:00,primary,certified,False,President,,Harry Browne,,,,,LBT,Maricopa,ocd-division/country:us/state:az/county:maricopa,213,,,,,2000,
2015-09-26 18:50:18.388000,az-2000-02-22-primary,2000-02-22 00:00:00,2000-02-22 00:00:00,primary,certified,False,President,,Harry Browne,,,,,LBT,La Paz,ocd-division/country:us/state:az/county:la_paz,2,,,,,2000,
2015-09-26 18:50:18.388000,az-2000-02-22-primary,2000-02-22 00:00:00,2000-02-22 00:00:00,primary,certified,False,President,,Harry Browne,,,,,LBT,Greenlee,ocd-division/country:us/state:az/county:greenlee,0,,,,,2000,
2015-09-26 18:50:18.388000,az-2000-02-22-primary,2000-02-22 00:00:00,2000-02-22 00:00:00,primary,certified,False,President,,Harry Browne,,,,,LBT,Graham,ocd-division/country:us/state:az/county:graham,4,,,,,2000,
2015-09-26 18:50:18.388000,az-2000-02-22-primary,2000-02-22 00:00:00,2000-02-22 00:00:00,primary,certified,False,President,,Harry Browne,,,,,LBT,Gila,ocd-division/country:us/state:az/county:gila,12,,,,,2000,
2015-09-26 18:50:18.388000,az-2000-02-22-primary,2000-02-22 00:00:00,2000-02-22 00:00:00,primary,certified,False,President,,Harry Browne,,,,,LBT,Coconino,ocd-division/country:us/state:az/county:coconino,19,,,,,2000,
2015-09-26 18:50:18.388000,az-2000-02-22-primary,2000-02-22 00:00:00,2000-02-22 00:00:00,primary,certified,False,President,,Harry Browne,,,,,LBT,Cochise,ocd-division/country:us/state:az/county:cochise,17,,,,,2000,
2015-09-26 18:50:18.388000,az-2000-02-22-primary,2000-02-22 00:00:00,2000-02-22 00:00:00,primary,certified,False,President,,Harry Browne,,,,,LBT,Apache,ocd-division/country:us/state:az/county:apache,4,,,,,2000,
2015-09-26 18:50:19.359000,az-2000-02-22-primary,2000-02-22 00:00:00,2000-02-22 00:00:00,primary,certified,False,President,,James T. Zanon,,,,,REP,U.S. House 7,ocd-division/country:us/state:az/county:u.s._house_7,54,,,,,2000,
2015-09-26 18:50:19.359000,az-2000-02-22-primary,2000-02-22 00:00:00,2000-02-22 00:00:00,primary,certified,False,President,,James T. Zanon,,,,,REP,U.S. House 6,ocd-division/country:us/state:az/county:u.s._house_6,13,,,,,2000,
2015-09-26 18:50:19.359000,az-2000-02-22-primary,2000-02-22 00:00:00,2000-02-22 00:00:00,primary,certified,False,President,,James T. Zanon,,,,,REP,U.S. House 5,ocd-division/country:us/state:az/county:u.s._house_5,8,,,,,2000,
2015-09-26 18:50:19.359000,az-2000-02-22-primary,2000-02-22 00:00:00,2000-02-22 00:00:00,primary,certified,False,President,,James T. Zanon,,,,,REP,U.S. House 4,ocd-division/country:us/state:az/county:u.s._house_4,2,,,,,2000,
2015-09-26 18:50:19.359000,az-2000-02-22-primary,2000-02-22 00:00:00,2000-02-22 00:00:00,primary,certified,False,President,,James T. Zanon,,,,,REP,U.S. House 3,ocd-division/country:us/state:az/county:u.s._house_3,15,,,,,2000,
2015-09-26 18:50:19.359000,az-2000-02-22-primary,2000-02-22 00:00:00,2000-02-22 00:00:00,primary,certified,False,President,,James T. Zanon,,,,,REP,U.S. House 2,ocd-division/country:us/state:az/county:u.s._house_2,5,,,,,2000,
2015-09-26 18:50:19.359000,az-2000-02-22-primary,2000-02-22 00:00:00,2000-02-22 00:00:00,primary,certified,False,President,,James T. Zanon,,,,,REP,U.S. House 1,ocd-division/country:us/state:az/county:u.s._house_1,11,,,,,2000,
2015-09-26 18:50:19.359000,az-2000-02-22-primary,2000-02-22 00:00:00,2000-02-22 00:00:00,primary,certified,False,President,,Chuck See,,,,,REP,U.S. House 7,ocd-division/country:us/state:az/county:u.s._house_7,28,,,,,2000,
2015-09-26 18:50:19.359000,az-2000-02-22-primary,2000-02-22 00:00:00,2000-02-22 00:00:00,primary,certified,False,President,,Chuck See,,,,,REP,U.S. House 6,ocd-division/country:us/state:az/county:u.s._house_6,8,,,,,2000,
2015-09-26 18:50:19.359000,az-2000-02-22-primary,2000-02-22 00:00:00,2000-02-22 00:00:00,primary,certified,False,President,,Chuck See,,,,,REP,U.S. House 5,ocd-division/country:us/state:az/county:u.s._house_5,3,,,,,2000,
2015-09-26 18:50:19.359000,az-2000-02-22-primary,2000-02-22 00:00:00,2000-02-22 00:00:00,primary,certified,False,President,,Chuck See,,,,,REP,U.S. House 4,ocd-division/country:us/state:az/county:u.s._house_4,9,,,,,2000,
2015-09-26 18:50:19.359000,az-2000-02-22-primary,2000-02-22 00:00:00,2000-02-22 00:00:00,primary,certified,False,President,,Chuck See,,,,,REP,U.S. House 3,ocd-division/country:us/state:az/county:u.s._house_3,4,,,,,2000,
2015-09-26 18:50:19.359000,az-2000-02-22-primary,2000-02-22 00:00:00,2000-02-22 00:00:00,primary,certified,False,President,,Chuck See,,,,,REP,U.S. House 2,ocd-division/country:us/state:az/county:u.s._house_2,1,,,,,2000,
2015-09-26 18:50:19.359000,az-2000-02-22-primary,2000-02-22 00:00:00,2000-02-22 00:00:00,primary,certified,False,President,,Chuck See,,,,,REP,U.S. House 1,ocd-division/country:us/state:az/county:u.s._house_1,3,,,,,2000,
2015-09-26 18:50:19.359000,az-2000-02-22-primary,2000-02-22 00:00:00,2000-02-22 00:00:00,primary,certified,False,President,,John R. McGrath,,,,,REP,U.S. House 7,ocd-division/country:us/state:az/county:u.s._house_7,239,,,,,2000,
2015-09-26 18:50:19.359000,az-2000-02-22-primary,2000-02-22 00:00:00,2000-02-22 00:00:00,primary,certified,False,President,,John R. McGrath,,,,,REP,U.S. House 6,ocd-division/country:us/state:az/county:u.s._house_6,61,,,,,2000,
2015-09-26 18:50:19.359000,az-2000-02-22-primary,2000-02-22 00:00:00,2000-02-22 00:00:00,primary,certified,False,President,,John R. McGrath,,,,,REP,U.S. House 5,ocd-division/country:us/state:az/county:u.s._house_5,34,,,,,2000,
2015-09-26 18:50:19.359000,az-2000-02-22-primary,2000-02-22 00:00:00,2000-02-22 00:00:00,primary,certified,False,President,,John R. McGrath,,,,,REP,U.S. House 4,ocd-division/country:us/state:az/county:u.s._house_4,33,,,,,2000,
2015-09-26 18:50:19.359000,az-2000-02-22-primary,2000-02-22 00:00:00,2000-02-22 00:00:00,primary,certified,False,President,,John R. McGrath,,,,,REP,U.S. House 3,ocd-division/country:us/state:az/county:u.s._house_3,74,,,,,2000,
2015-09-26 18:50:19.359000,az-2000-02-22-primary,2000-02-22 00:00:00,2000-02-22 00:00:00,primary,certified,False,President,,John R. McGrath,,,,,REP,U.S. House 2,ocd-division/country:us/state:az/county:u.s._house_2,11,,,,,2000,
2015-09-26 18:50:19.359000,az-2000-02-22-primary,2000-02-22 00:00:00,2000-02-22 00:00:00,primary,certified,False,President,,John R. McGrath,,,,,REP,U.S. House 1,ocd-division/country:us/state:az/county:u.s._house_1,26,,,,,2000,
2015-09-26 18:50:19.359000,az-2000-02-22-primary,2000-02-22 00:00:00,2000-02-22 00:00:00,primary,certified,False,President,,John McCain,,,,,REP,U.S. House 7,ocd-division/country:us/state:az/county:u.s._house_7,193708,,,,,2000,
2015-09-26 18:50:19.359000,az-2000-02-22-primary,2000-02-22 00:00:00,2000-02-22 00:00:00,primary,certified,False,President,,John McCain,,,,,REP,U.S. House 6,ocd-division/country:us/state:az/county:u.s._house_6,35307,,,,,2000,
2015-09-26 18:50:19.359000,az-2000-02-22-primary,2000-02-22 00:00:00,2000-02-22 00:00:00,primary,certified,False,President,,John McCain,,,,,REP,U.S. House 5,ocd-division/country:us/state:az/county:u.s._house_5,46869,,,,,2000,
2015-09-26 18:50:19.359000,az-2000-02-22-primary,2000-02-22 00:00:00,2000-02-22 00:00:00,primary,certified,False,President,,John McCain,,,,,REP,U.S. House 4,ocd-division/country:us/state:az/county:u.s._house_4,28529,,,,,2000,
2015-09-26 18:50:19.359000,az-2000-02-22-primary,2000-02-22 00:00:00,2000-02-22 00:00:00,primary,certified,False,President,,John McCain,,,,,REP,U.S. House 3,ocd-division/country:us/state:az/county:u.s._house_3,45692,,,,,2000,
2015-09-26 18:50:19.359000,az-2000-02-22-primary,2000-02-22 00:00:00,2000-02-22 00:00:00,primary,certified,False,President,,John McCain,,,,,REP,U.S. House 2,ocd-division/country:us/state:az/county:u.s._house_2,9031,,,,,2000,
2015-09-26 18:50:19.359000,az-2000-02-22-primary,2000-02-22 00:00:00,2000-02-22 00:00:00,primary,certified,False,President,,John McCain,,,,,REP,U.S. House 1,ocd-division/country:us/state:az/county:u.s._house_1,28280,,,,,2000,
2015-09-26 18:50:19.359000,az-2000-02-22-primary,2000-02-22 00:00:00,2000-02-22 00:00:00,primary,certified,False,President,,Alan Keyes,,,,,REP,U.S. House 7,ocd-division/country:us/state:az/county:u.s._house_7,11500,,,,,2000,
2015-09-26 18:50:19.359000,az-2000-02-22-primary,2000-02-22 00:00:00,2000-02-22 00:00:00,primary,certified,False,President,,Alan Keyes,,,,,REP,U.S. House 6,ocd-division/country:us/state:az/county:u.s._house_6,2380,,,,,2000,
2015-09-26 18:50:19.359000,az-2000-02-22-primary,2000-02-22 00:00:00,2000-02-22 00:00:00,primary,certified,False,President,,Alan Keyes,,,,,REP,U.S. House 5,ocd-division/country:us/state:az/county:u.s._house_5,2101,,,,,2000,
2015-09-26 18:50:19.359000,az-2000-02-22-primary,2000-02-22 00:00:00,2000-02-22 00:00:00,primary,certified,False,President,,Alan Keyes,,,,,REP,U.S. House 4,ocd-division/country:us/state:az/county:u.s._house_4,1822,,,,,2000,
2015-09-26 18:50:19.359000,az-2000-02-22-primary,2000-02-22 00:00:00,2000-02-22 00:00:00,primary,certified,False,President,,Alan Keyes,,,,,REP,U.S. House 3,ocd-division/country:us/state:az/county:u.s._house_3,2658,,,,,2000,
2015-09-26 18:50:19.359000,az-2000-02-22-primary,2000-02-22 00:00:00,2000-02-22 00:00:00,primary,certified,False,President,,Alan Keyes,,,,,REP,U.S. House 2,ocd-division/country:us/state:az/county:u.s._house_2,568,,,,,2000,
2015-09-26 18:50:19.359000,az-2000-02-22-primary,2000-02-22 00:00:00,2000-02-22 00:00:00,primary,certified,False,President,,Alan Keyes,,,,,REP,U.S. House 1,ocd-division/country:us/state:az/county:u.s._house_1,1971,,,,,2000,
2015-09-26 18:50:19.359000,az-2000-02-22-primary,2000-02-22 00:00:00,2000-02-22 00:00:00,primary,certified,False,President,,Orrin G. Hatch,,,,,REP,U.S. House 7,ocd-division/country:us/state:az/county:u.s._house_7,637,,,,,2000,
2015-09-26 18:50:19.359000,az-2000-02-22-primary,2000-02-22 00:00:00,2000-02-22 00:00:00,primary,certified,False,President,,Orrin G. Hatch,,,,,REP,U.S. House 6,ocd-division/country:us/state:az/county:u.s._house_6,234,,,,,2000,
2015-09-26 18:50:19.359000,az-2000-02-22-primary,2000-02-22 00:00:00,2000-02-22 00:00:00,primary,certified,False,President,,Orrin G. Hatch,,,,,REP,U.S. House 5,ocd-division/country:us/state:az/county:u.s._house_5,97,,,,,2000,
2015-09-26 18:50:19.359000,az-2000-02-22-primary,2000-02-22 00:00:00,2000-02-22 00:00:00,primary,certified,False,President,,Orrin G. Hatch,,,,,REP,U.S. House 4,ocd-division/country:us/state:az/county:u.s._house_4,45,,,,,2000,
2015-09-26 18:50:19.359000,az-2000-02-22-primary,2000-02-22 00:00:00,2000-02-22 00:00:00,primary,certified,False,President,,Orrin G. Hatch,,,,,REP,U.S. House 3,ocd-division/country:us/state:az/county:u.s._house_3,104,,,,,2000,
2015-09-26 18:50:19.359000,az-2000-02-22-primary,2000-02-22 00:00:00,2000-02-22 00:00:00,primary,certified,False,President,,Orrin G. Hatch,,,,,REP,U.S. House 2,ocd-division/country:us/state:az/county:u.s._house_2,24,,,,,2000,
2015-09-26 18:50:19.359000,az-2000-02-22-primary,2000-02-22 00:00:00,2000-02-22 00:00:00,primary,certified,False,President,,Orrin G. Hatch,,,,,REP,U.S. House 1,ocd-division/country:us/state:az/county:u.s._house_1,133,,,,,2000,
2015-09-26 18:50:19.359000,az-2000-02-22-primary,2000-02-22 00:00:00,2000-02-22 00:00:00,primary,certified,False,President,,Steve Forbes,,,,,REP,U.S. House 7,ocd-division/country:us/state:az/county:u.s._house_7,1211,,,,,2000,
2015-09-26 18:50:19.359000,az-2000-02-22-primary,2000-02-22 00:00:00,2000-02-22 00:00:00,primary,certified,False,President,,Steve Forbes,,,,,REP,U.S. House 6,ocd-division/country:us/state:az/county:u.s._house_6,219,,,,,2000,
2015-09-26 18:50:19.359000,az-2000-02-22-primary,2000-02-22 00:00:00,2000-02-22 00:00:00,primary,certified,False,President,,Steve Forbes,,,,,REP,U.S. House 5,ocd-division/country:us/state:az/county:u.s._house_5,138,,,,,2000,
2015-09-26 18:50:19.359000,az-2000-02-22-primary,2000-02-22 00:00:00,2000-02-22 00:00:00,primary,certified,False,President,,Steve Forbes,,,,,REP,U.S. House 4,ocd-division/country:us/state:az/county:u.s._house_4,214,,,,,2000,
2015-09-26 18:50:19.359000,az-2000-02-22-primary,2000-02-22 00:00:00,2000-02-22 00:00:00,primary,certified,False,President,,Steve Forbes,,,,,REP,U.S. House 3,ocd-division/country:us/state:az/county:u.s._house_3,344,,,,,2000,
2015-09-26 18:50:19.359000,az-2000-02-22-primary,2000-02-22 00:00:00,2000-02-22 00:00:00,primary,certified,False,President,,Steve Forbes,,,,,REP,U.S. House 2,ocd-division/country:us/state:az/county:u.s._house_2,70,,,,,2000,
2015-09-26 18:50:19.359000,az-2000-02-22-primary,2000-02-22 00:00:00,2000-02-22 00:00:00,primary,certified,False,President,,Steve Forbes,,,,,REP,U.S. House 1,ocd-division/country:us/state:az/county:u.s._house_1,226,,,,,2000,
2015-09-26 18:50:19.359000,az-2000-02-22-primary,2000-02-22 00:00:00,2000-02-22 00:00:00,primary,certified,False,President,,George W. Bush,,,,,REP,U.S. House 7,ocd-division/country:us/state:az/county:u.s._house_7,115115,,,,,2000,
2015-09-26 18:50:19.359000,az-2000-02-22-primary,2000-02-22 00:00:00,2000-02-22 00:00:00,primary,certified,False,President,,George W. Bush,,,,,REP,U.S. House 6,ocd-division/country:us/state:az/county:u.s._house_6,22954,,,,,2000,
2015-09-26 18:50:19.359000,az-2000-02-22-primary,2000-02-22 00:00:00,2000-02-22 00:00:00,primary,certified,False,President,,George W. Bush,,,,,REP,U.S. House 5,ocd-division/country:us/state:az/county:u.s._house_5,20956,,,,,2000,
2015-09-26 18:50:19.359000,az-2000-02-22-primary,2000-02-22 00:00:00,2000-02-22 00:00:00,primary,certified,False,President,,George W. Bush,,,,,REP,U.S. House 4,ocd-division/country:us/state:az/county:u.s._house_4,17844,,,,,2000,
2015-09-26 18:50:19.359000,az-2000-02-22-primary,2000-02-22 00:00:00,2000-02-22 00:00:00,primary,certified,False,President,,George W. Bush,,,,,REP,U.S. House 3,ocd-division/country:us/state:az/county:u.s._house_3,31890,,,,,2000,
2015-09-26 18:50:19.359000,az-2000-02-22-primary,2000-02-22 00:00:00,2000-02-22 00:00:00,primary,certified,False,President,,George W. Bush,,,,,REP,U.S. House 2,ocd-division/country:us/state:az/county:u.s._house_2,5770,,,,,2000,
2015-09-26 18:50:19.359000,az-2000-02-22-primary,2000-02-22 00:00:00,2000-02-22 00:00:00,primary,certified,False,President,,George W. Bush,,,,,REP,U.S. House 1,ocd-division/country:us/state:az/county:u.s._house_1,15701,,,,,2000,
2015-09-26 18:50:19.359000,az-2000-02-22-primary,2000-02-22 00:00:00,2000-02-22 00:00:00,primary,certified,False,President,,Gary Bauer,,,,,REP,U.S. House 7,ocd-division/country:us/state:az/county:u.s._house_7,177,,,,,2000,
2015-09-26 18:50:19.359000,az-2000-02-22-primary,2000-02-22 00:00:00,2000-02-22 00:00:00,primary,certified,False,President,,Gary Bauer,,,,,REP,U.S. House 6,ocd-division/country:us/state:az/county:u.s._house_6,27,,,,,2000,
2015-09-26 18:50:19.359000,az-2000-02-22-primary,2000-02-22 00:00:00,2000-02-22 00:00:00,primary,certified,False,President,,Gary Bauer,,,,,REP,U.S. House 5,ocd-division/country:us/state:az/county:u.s._house_5,37,,,,,2000,
2015-09-26 18:50:19.359000,az-2000-02-22-primary,2000-02-22 00:00:00,2000-02-22 00:00:00,primary,certified,False,President,,Gary Bauer,,,,,REP,U.S. House 4,ocd-division/country:us/state:az/county:u.s._house_4,16,,,,,2000,
2015-09-26 18:50:19.359000,az-2000-02-22-primary,2000-02-22 00:00:00,2000-02-22 00:00:00,primary,certified,False,President,,Gary Bauer,,,,,REP,U.S. House 3,ocd-division/country:us/state:az/county:u.s._house_3,55,,,,,2000,
2015-09-26 18:50:19.359000,az-2000-02-22-primary,2000-02-22 00:00:00,2000-02-22 00:00:00,primary,certified,False,President,,Gary Bauer,,,,,REP,U.S. House 2,ocd-division/country:us/state:az/county:u.s._house_2,20,,,,,2000,
2015-09-26 18:50:19.359000,az-2000-02-22-primary,2000-02-22 00:00:00,2000-02-22 00:00:00,primary,certified,False,President,,Gary Bauer,,,,,REP,U.S. House 1,ocd-division/country:us/state:az/county:u.s._house_1,22,,,,,2000,
2015-09-26 18:50:19.359000,az-2000-02-22-primary,2000-02-22 00:00:00,2000-02-22 00:00:00,primary,certified,False,President,,David Lynn Hollist,,,,,LBT,U.S. House 7,ocd-division/country:us/state:az/county:u.s._house_7,63,,,,,2000,
2015-09-26 18:50:19.359000,az-2000-02-22-primary,2000-02-22 00:00:00,2000-02-22 00:00:00,primary,certified,False,President,,David Lynn Hollist,,,,,LBT,U.S. House 6,ocd-division/country:us/state:az/county:u.s._house_6,13,,,,,2000,
2015-09-26 18:50:19.359000,az-2000-02-22-primary,2000-02-22 00:00:00,2000-02-22 00:00:00,primary,certified,False,President,,David Lynn Hollist,,,,,LBT,U.S. House 5,ocd-division/country:us/state:az/county:u.s._house_5,21,,,,,2000,
2015-09-26 18:50:19.359000,az-2000-02-22-primary,2000-02-22 00:00:00,2000-02-22 00:00:00,primary,certified,False,President,,David Lynn Hollist,,,,,LBT,U.S. House 4,ocd-division/country:us/state:az/county:u.s._house_4,4,,,,,2000,
2015-09-26 18:50:19.359000,az-2000-02-22-primary,2000-02-22 00:00:00,2000-02-22 00:00:00,primary,certified,False,President,,David Lynn Hollist,,,,,LBT,U.S. House 3,ocd-division/country:us/state:az/county:u.s._house_3,10,,,,,2000,
2015-09-26 18:50:19.359000,az-2000-02-22-primary,2000-02-22 00:00:00,2000-02-22 00:00:00,primary,certified,False,President,,David Lynn Hollist,,,,,LBT,U.S. House 2,ocd-division/country:us/state:az/county:u.s._house_2,11,,,,,2000,
2015-09-26 18:50:19.359000,az-2000-02-22-primary,2000-02-22 00:00:00,2000-02-22 00:00:00,primary,certified,False,President,,David Lynn Hollist,,,,,LBT,U.S. House 1,ocd-division/country:us/state:az/county:u.s._house_1,4,,,,,2000,
2015-09-26 18:50:19.359000,az-2000-02-22-primary,2000-02-22 00:00:00,2000-02-22 00:00:00,primary,certified,False,President,,Larry Hines,,,,,LBT,U.S. House 7,ocd-division/country:us/state:az/county:u.s._house_7,97,,,,,2000,
2015-09-26 18:50:19.359000,az-2000-02-22-primary,2000-02-22 00:00:00,2000-02-22 00:00:00,primary,certified,False,President,,Larry Hines,,,,,LBT,U.S. House 6,ocd-division/country:us/state:az/county:u.s._house_6,16,,,,,2000,
2015-09-26 18:50:19.359000,az-2000-02-22-primary,2000-02-22 00:00:00,2000-02-22 00:00:00,primary,certified,False,President,,Larry Hines,,,,,LBT,U.S. House 5,ocd-division/country:us/state:az/county:u.s._house_5,35,,,,,2000,
2015-09-26 18:50:19.359000,az-2000-02-22-primary,2000-02-22 00:00:00,2000-02-22 00:00:00,primary,certified,False,President,,Larry Hines,,,,,LBT,U.S. House 4,ocd-division/country:us/state:az/county:u.s._house_4,8,,,,,2000,
2015-09-26 18:50:19.359000,az-2000-02-22-primary,2000-02-22 00:00:00,2000-02-22 00:00:00,primary,certified,False,President,,Larry Hines,,,,,LBT,U.S. House 3,ocd-division/country:us/state:az/county:u.s._house_3,14,,,,,2000,
2015-09-26 18:50:19.359000,az-2000-02-22-primary,2000-02-22 00:00:00,2000-02-22 00:00:00,primary,certified,False,President,,Larry Hines,,,,,LBT,U.S. House 2,ocd-division/country:us/state:az/county:u.s._house_2,11,,,,,2000,
2015-09-26 18:50:19.359000,az-2000-02-22-primary,2000-02-22 00:00:00,2000-02-22 00:00:00,primary,certified,False,President,,Larry Hines,,,,,LBT,U.S. House 1,ocd-division/country:us/state:az/county:u.s._house_1,13,,,,,2000,
2015-09-26 18:50:19.359000,az-2000-02-22-primary,2000-02-22 00:00:00,2000-02-22 00:00:00,primary,certified,False,President,,Harry Browne,,,,,LBT,U.S. House 7,ocd-division/country:us/state:az/county:u.s._house_7,553,,,,,2000,
2015-09-26 18:50:19.359000,az-2000-02-22-primary,2000-02-22 00:00:00,2000-02-22 00:00:00,primary,certified,False,President,,Harry Browne,,,,,LBT,U.S. House 6,ocd-division/country:us/state:az/county:u.s._house_6,73,,,,,2000,
2015-09-26 18:50:19.359000,az-2000-02-22-primary,2000-02-22 00:00:00,2000-02-22 00:00:00,primary,certified,False,President,,Harry Browne,,,,,LBT,U.S. House 5,ocd-division/country:us/state:az/county:u.s._house_5,186,,,,,2000,
2015-09-26 18:50:19.359000,az-2000-02-22-primary,2000-02-22 00:00:00,2000-02-22 00:00:00,primary,certified,False,President,,Harry Browne,,,,,LBT,U.S. House 4,ocd-division/country:us/state:az/county:u.s._house_4,55,,,,,2000,
2015-09-26 18:50:19.359000,az-2000-02-22-primary,2000-02-22 00:00:00,2000-02-22 00:00:00,primary,certified,False,President,,Harry Browne,,,,,LBT,U.S. House 3,ocd-division/country:us/state:az/county:u.s._house_3,92,,,,,2000,
2015-09-26 18:50:19.359000,az-2000-02-22-primary,2000-02-22 00:00:00,2000-02-22 00:00:00,primary,certified,False,President,,Harry Browne,,,,,LBT,U.S. House 2,ocd-division/country:us/state:az/county:u.s._house_2,69,,,,,2000,
2015-09-26 18:50:19.359000,az-2000-02-22-primary,2000-02-22 00:00:00,2000-02-22 00:00:00,primary,certified,False,President,,Harry Browne,,,,,LBT,U.S. House 1,ocd-division/country:us/state:az/county:u.s._house_1,78,,,,,2000,
2015-09-26 18:50:18.388000,az-2000-02-22-primary,2000-02-22 00:00:00,2000-02-22 00:00:00,primary,certified,False,President,,James T. Zanon,,,,,REP,Graham,ocd-division/country:us/state:az/county:graham,0,,,,,2000,
2015-09-26 18:50:18.388000,az-2000-02-22-primary,2000-02-22 00:00:00,2000-02-22 00:00:00,primary,certified,False,President,,James T. Zanon,,,,,REP,Greenlee,ocd-division/country:us/state:az/county:greenlee,0,,,,,2000,
2015-09-26 18:50:18.388000,az-2000-02-22-primary,2000-02-22 00:00:00,2000-02-22 00:00:00,primary,certified,False,President,,James T. Zanon,,,,,REP,La Paz,ocd-division/country:us/state:az/county:la_paz,0,,,,,2000,
2015-09-26 18:50:18.388000,az-2000-02-22-primary,2000-02-22 00:00:00,2000-02-22 00:00:00,primary,certified,False,President,,James T. Zanon,,,,,REP,Maricopa,ocd-division/country:us/state:az/county:maricopa,19,,,,,2000,
2015-09-26 18:50:18.388000,az-2000-02-22-primary,2000-02-22 00:00:00,2000-02-22 00:00:00,primary,certified,False,President,,James T. Zanon,,,,,REP,Mohave,ocd-division/country:us/state:az/county:mohave,4,,,,,2000,
2015-09-26 18:50:18.388000,az-2000-02-22-primary,2000-02-22 00:00:00,2000-02-22 00:00:00,primary,certified,False,President,,James T. Zanon,,,,,REP,Navajo,ocd-division/country:us/state:az/county:navajo,1,,,,,2000,
2015-09-26 18:50:18.388000,az-2000-02-22-primary,2000-02-22 00:00:00,2000-02-22 00:00:00,primary,certified,False,President,,James T. Zanon,,,,,REP,Pima,ocd-division/country:us/state:az/county:pima,10,,,,,2000,
2015-09-26 18:50:18.388000,az-2000-02-22-primary,2000-02-22 00:00:00,2000-02-22 00:00:00,primary,certified,False,President,,James T. Zanon,,,,,REP,Pinal,ocd-division/country:us/state:az/county:pinal,3,,,,,2000,
2015-09-26 18:50:18.388000,az-2000-02-22-primary,2000-02-22 00:00:00,2000-02-22 00:00:00,primary,certified,False,President,,James T. Zanon,,,,,REP,Santa Cruz,ocd-division/country:us/state:az/county:santa_cruz,0,,,,,2000,
2015-09-26 18:50:18.388000,az-2000-02-22-primary,2000-02-22 00:00:00,2000-02-22 00:00:00,primary,certified,False,President,,James T. Zanon,,,,,REP,Yavapai,ocd-division/country:us/state:az/county:yavapai,6,,,,,2000,
2015-09-26 18:50:18.388000,az-2000-02-22-primary,2000-02-22 00:00:00,2000-02-22 00:00:00,primary,certified,False,President,,James T. Zanon,,,,,REP,Yuma,ocd-division/country:us/state:az/county:yuma,1,,,,,2000,
2015-09-26 18:50:18.388000,az-2000-02-22-primary,2000-02-22 00:00:00,2000-02-22 00:00:00,primary,certified,False,President,,James T. Zanon,,,,,REP,,ocd-division/country:us/state:az/county:,54,,,,,2000,
