updated_at,id,start_date,end_date,election_type,result_type,special,office,district,name_raw,last_name,first_name,suffix,middle_name,party,jurisdiction,division,votes,votes_type,total_votes,winner,write_in,year,total_precincts,incumbent,precincts_reported
2015-06-20 21:18:40.765000,nv-2014-06-10-primary,2014-06-10 00:00:00,2014-06-10 00:00:00,primary,certified,False,State Assembly,4,"Fiore, Michele",,,,,REP,Clark,ocd-division/country:us/state:nv/county:clark,"2,150",,,Yes,,2014,43,True,43
2015-06-20 21:18:40.765000,nv-2014-06-10-primary,2014-06-10 00:00:00,2014-06-10 00:00:00,primary,certified,False,State Assembly,4,"White, John-Nicholas W.",,,,,DEM,Clark,ocd-division/country:us/state:nv/county:clark,307,,,No,,2014,43,False,43
2015-06-20 21:18:40.765000,nv-2014-06-10-primary,2014-06-10 00:00:00,2014-06-10 00:00:00,primary,certified,False,State Assembly,7,"Neal, Dina",,,,,DEM,Clark,ocd-division/country:us/state:nv/county:clark,"1,311",,,Yes,,2014,31,True,31
2015-06-20 21:18:40.765000,nv-2014-06-10-primary,2014-06-10 00:00:00,2014-06-10 00:00:00,primary,certified,False,State Assembly,6,"Foster, Arrick",,,,,DEM,Clark,ocd-division/country:us/state:nv/county:clark,185,,,No,,2014,29,False,29
2015-06-20 21:18:40.765000,nv-2014-06-10-primary,2014-06-10 00:00:00,2014-06-10 00:00:00,primary,certified,False,State Assembly,6,"Snowden, Anthony D.",,,,,DEM,Clark,ocd-division/country:us/state:nv/county:clark,325,,,No,,2014,29,False,29
2015-06-20 21:18:40.765000,nv-2014-06-10-primary,2014-06-10 00:00:00,2014-06-10 00:00:00,primary,certified,False,State Assembly,6,"Munford, Harvey J.",,,,,DEM,Clark,ocd-division/country:us/state:nv/county:clark,"1,073",,,Yes,,2014,29,True,29
2015-06-20 21:18:40.765000,nv-2014-06-10-primary,2014-06-10 00:00:00,2014-06-10 00:00:00,primary,certified,False,State Assembly,5,"Tener, Stuart Blake",,,,,REP,Clark,ocd-division/country:us/state:nv/county:clark,130,,,No,,2014,33,False,33
2015-06-20 21:18:40.765000,nv-2014-06-10-primary,2014-06-10 00:00:00,2014-06-10 00:00:00,primary,certified,False,State Assembly,5,"Archer, Troy W.",,,,,REP,Clark,ocd-division/country:us/state:nv/county:clark,282,,,No,,2014,33,False,33
2015-06-20 21:18:40.765000,nv-2014-06-10-primary,2014-06-10 00:00:00,2014-06-10 00:00:00,primary,certified,False,State Assembly,5,"Miller-Hooks, Max",,,,,REP,Clark,ocd-division/country:us/state:nv/county:clark,394,,,No,,2014,33,False,33
2015-06-20 21:18:40.765000,nv-2014-06-10-primary,2014-06-10 00:00:00,2014-06-10 00:00:00,primary,certified,False,State Assembly,5,"Keller, Barry R.",,,,,REP,Clark,ocd-division/country:us/state:nv/county:clark,548,,,No,,2014,33,False,33
2015-06-20 21:18:40.765000,nv-2014-06-10-primary,2014-06-10 00:00:00,2014-06-10 00:00:00,primary,certified,False,State Assembly,5,"Nelson, Erv",,,,,REP,Clark,ocd-division/country:us/state:nv/county:clark,860,,,Yes,,2014,33,False,33
2015-06-20 21:18:40.765000,nv-2014-06-10-primary,2014-06-10 00:00:00,2014-06-10 00:00:00,primary,certified,False,State Senate,14,"HARRISON, K.C.",,,,,DEM,Humboldt,ocd-division/country:us/state:nv/county:humboldt,239,,,No,,2014,197,False,156
2015-06-20 21:18:40.765000,nv-2014-06-10-primary,2014-06-10 00:00:00,2014-06-10 00:00:00,primary,certified,False,State Senate,14,"Hunt, Joe",,,,,DEM,Esmeralda,ocd-division/country:us/state:nv/county:esmeralda,13,,,Yes,,2014,197,False,156
2015-06-20 21:18:40.765000,nv-2014-06-10-primary,2014-06-10 00:00:00,2014-06-10 00:00:00,primary,certified,False,State Senate,14,"Hunt, Joe",,,,,DEM,Humboldt,ocd-division/country:us/state:nv/county:humboldt,140,,,Yes,,2014,197,False,156
2015-06-20 21:18:40.765000,nv-2014-06-10-primary,2014-06-10 00:00:00,2014-06-10 00:00:00,primary,certified,False,State Senate,14,"Hunt, Joe",,,,,DEM,Lander,ocd-division/country:us/state:nv/county:lander,100,,,Yes,,2014,197,False,156
2015-06-20 21:18:40.765000,nv-2014-06-10-primary,2014-06-10 00:00:00,2014-06-10 00:00:00,primary,certified,False,State Senate,9,"Quilang, Ron Q.",,,,,REP,Clark,ocd-division/country:us/state:nv/county:clark,153,,,No,,2014,65,False,65
2015-06-20 21:18:40.765000,nv-2014-06-10-primary,2014-06-10 00:00:00,2014-06-10 00:00:00,primary,certified,False,State Assembly,3,"Woodson, Nakia",,,,,DEM,Clark,ocd-division/country:us/state:nv/county:clark,185,,,No,,2014,38,False,38
2015-06-20 21:18:40.765000,nv-2014-06-10-primary,2014-06-10 00:00:00,2014-06-10 00:00:00,primary,certified,False,State Assembly,3,"Alires, Danny",,,,,DEM,Clark,ocd-division/country:us/state:nv/county:clark,46,,,No,,2014,38,False,38
2015-06-20 21:18:40.765000,nv-2014-06-10-primary,2014-06-10 00:00:00,2014-06-10 00:00:00,primary,certified,False,State Assembly,4,"Laughter, Melissa D.",,,,,REP,Clark,ocd-division/country:us/state:nv/county:clark,567,,,No,,2014,43,False,43
2015-06-20 21:18:40.765000,nv-2014-06-10-primary,2014-06-10 00:00:00,2014-06-10 00:00:00,primary,certified,False,State Assembly,3,"Rodriguez, Felipe",,,,,DEM,Clark,ocd-division/country:us/state:nv/county:clark,189,,,No,,2014,38,False,38
2015-06-20 21:18:40.765000,nv-2014-06-10-primary,2014-06-10 00:00:00,2014-06-10 00:00:00,primary,certified,False,State Assembly,3,"Tramp, Matthew",,,,,DEM,Clark,ocd-division/country:us/state:nv/county:clark,334,,,No,,2014,38,False,38
2015-06-20 21:18:40.765000,nv-2014-06-10-primary,2014-06-10 00:00:00,2014-06-10 00:00:00,primary,certified,False,State Assembly,4,"Hinton, Jeff",,,,,DEM,Clark,ocd-division/country:us/state:nv/county:clark,"1,365",,,Yes,,2014,43,False,43
2015-06-20 21:18:40.765000,nv-2014-06-10-primary,2014-06-10 00:00:00,2014-06-10 00:00:00,primary,certified,False,State Assembly,3,"Araujo, Nelson",,,,,DEM,Clark,ocd-division/country:us/state:nv/county:clark,687,,,Yes,,2014,38,False,38
2015-06-20 21:18:40.765000,nv-2014-06-10-primary,2014-06-10 00:00:00,2014-06-10 00:00:00,primary,certified,False,State Assembly,3,"Barry, Chris",,,,,DEM,Clark,ocd-division/country:us/state:nv/county:clark,167,,,No,,2014,38,False,38
2015-06-20 21:18:40.765000,nv-2014-06-10-primary,2014-06-10 00:00:00,2014-06-10 00:00:00,primary,certified,False,State Assembly,2,"Slotta, Mark",,,,,REP,Clark,ocd-division/country:us/state:nv/county:clark,671,,,No,,2014,36,False,36
2015-06-20 21:18:40.765000,nv-2014-06-10-primary,2014-06-10 00:00:00,2014-06-10 00:00:00,primary,certified,False,State Assembly,2,"Hambrick, John",,,,,REP,Clark,ocd-division/country:us/state:nv/county:clark,"2,178",,,Yes,,2014,36,True,36
2015-06-20 21:18:40.765000,nv-2014-06-10-primary,2014-06-10 00:00:00,2014-06-10 00:00:00,primary,certified,False,State Senate,20,"Bunce, Carl",,,,,REP,Clark,ocd-division/country:us/state:nv/county:clark,"2,131",,,No,,2014,73,False,73
2015-06-20 21:18:40.765000,nv-2014-06-10-primary,2014-06-10 00:00:00,2014-06-10 00:00:00,primary,certified,False,State Senate,14,"HARRISON, K.C.",,,,,DEM,Washoe,ocd-division/country:us/state:nv/county:washoe,"1,168",,,No,,2014,197,False,156
2015-06-20 21:18:40.765000,nv-2014-06-10-primary,2014-06-10 00:00:00,2014-06-10 00:00:00,primary,certified,False,State Senate,14,"HARRISON, K.C.",,,,,DEM,Esmeralda,ocd-division/country:us/state:nv/county:esmeralda,9,,,No,,2014,197,False,156
2015-06-20 21:18:40.765000,nv-2014-06-10-primary,2014-06-10 00:00:00,2014-06-10 00:00:00,primary,certified,False,State Senate,14,"Hunt, Joe",,,,,DEM,Mineral,ocd-division/country:us/state:nv/county:mineral,165,,,Yes,,2014,197,False,156
2015-06-20 21:18:40.765000,nv-2014-06-10-primary,2014-06-10 00:00:00,2014-06-10 00:00:00,primary,certified,False,State Senate,14,"Hunt, Joe",,,,,DEM,Pershing,ocd-division/country:us/state:nv/county:pershing,139,,,Yes,,2014,197,False,156
2015-06-20 21:18:40.765000,nv-2014-06-10-primary,2014-06-10 00:00:00,2014-06-10 00:00:00,primary,certified,False,State Senate,20,"Roberson, Michael",,,,,REP,Clark,ocd-division/country:us/state:nv/county:clark,"3,009",,,Yes,,2014,73,True,73
2015-06-20 21:18:40.765000,nv-2014-06-10-primary,2014-06-10 00:00:00,2014-06-10 00:00:00,primary,certified,False,State Senate,14,"HARRISON, K.C.",,,,,DEM,Nye,ocd-division/country:us/state:nv/county:nye,45,,,No,,2014,197,False,156
2015-06-20 21:18:40.765000,nv-2014-06-10-primary,2014-06-10 00:00:00,2014-06-10 00:00:00,primary,certified,False,State Senate,14,"Hunt, Joe",,,,,DEM,Nye,ocd-division/country:us/state:nv/county:nye,93,,,Yes,,2014,197,False,156
2015-06-20 21:18:40.765000,nv-2014-06-10-primary,2014-06-10 00:00:00,2014-06-10 00:00:00,primary,certified,False,State Senate,14,"Hunt, Joe",,,,,DEM,Washoe,ocd-division/country:us/state:nv/county:washoe,"1,653",,,Yes,,2014,197,False,156
2015-06-20 21:18:40.765000,nv-2014-06-10-primary,2014-06-10 00:00:00,2014-06-10 00:00:00,primary,certified,False,State Senate,14,"HARRISON, K.C.",,,,,DEM,Lander,ocd-division/country:us/state:nv/county:lander,80,,,No,,2014,197,False,156
2015-06-20 21:18:40.765000,nv-2014-06-10-primary,2014-06-10 00:00:00,2014-06-10 00:00:00,primary,certified,False,State Senate,14,"HARRISON, K.C.",,,,,DEM,Pershing,ocd-division/country:us/state:nv/county:pershing,111,,,No,,2014,197,False,156
2015-06-20 21:18:40.765000,nv-2014-06-10-primary,2014-06-10 00:00:00,2014-06-10 00:00:00,primary,certified,False,State Senate,14,"HARRISON, K.C.",,,,,DEM,Mineral,ocd-division/country:us/state:nv/county:mineral,99,,,No,,2014,197,False,156
2015-06-20 21:18:40.765000,nv-2014-06-10-primary,2014-06-10 00:00:00,2014-06-10 00:00:00,primary,certified,False,State Senate,16,"Kieckhefer, Ben",,,,,REP,Washoe,ocd-division/country:us/state:nv/county:washoe,"4,970",,,Yes,,2014,195,True,138
2015-06-20 21:18:40.765000,nv-2014-06-10-primary,2014-06-10 00:00:00,2014-06-10 00:00:00,primary,certified,False,State Senate,16,"Schmidt, Gary",,,,,REP,Washoe,ocd-division/country:us/state:nv/county:washoe,"2,334",,,No,,2014,195,False,138
2015-06-20 21:18:40.765000,nv-2014-06-10-primary,2014-06-10 00:00:00,2014-06-10 00:00:00,primary,certified,False,State Assembly,40,"Block, John ""Jed""",,,,,REP,Washoe,ocd-division/country:us/state:nv/county:washoe,472,,,No,,2014,60,False,48
2015-06-20 21:18:40.765000,nv-2014-06-10-primary,2014-06-10 00:00:00,2014-06-10 00:00:00,primary,certified,False,State Assembly,40,"O'Neill, Philip ""PK""",,,,,REP,Washoe,ocd-division/country:us/state:nv/county:washoe,534,,,Yes,,2014,60,False,48
2015-06-20 21:18:40.765000,nv-2014-06-10-primary,2014-06-10 00:00:00,2014-06-10 00:00:00,primary,certified,False,State Assembly,39,"REEDY, ROBIN",,,,,REP,Storey,ocd-division/country:us/state:nv/county:storey,238,,,No,,2014,67,False,67
2015-06-20 21:18:40.765000,nv-2014-06-10-primary,2014-06-10 00:00:00,2014-06-10 00:00:00,primary,certified,False,State Assembly,39,"REEDY, ROBIN",,,,,REP,Douglas,ocd-division/country:us/state:nv/county:douglas,"2,443",,,No,,2014,67,False,67
2015-06-20 21:18:40.765000,nv-2014-06-10-primary,2014-06-10 00:00:00,2014-06-10 00:00:00,primary,certified,False,State Assembly,39,"REEDY, ROBIN",,,,,REP,Lyon,ocd-division/country:us/state:nv/county:lyon,331,,,No,,2014,67,False,67
2015-06-20 21:18:40.765000,nv-2014-06-10-primary,2014-06-10 00:00:00,2014-06-10 00:00:00,primary,certified,False,State Assembly,39,"WHEELER, JIM",,,,,REP,Storey,ocd-division/country:us/state:nv/county:storey,398,,,Yes,,2014,67,True,67
2015-06-20 21:18:40.765000,nv-2014-06-10-primary,2014-06-10 00:00:00,2014-06-10 00:00:00,primary,certified,False,State Assembly,39,"WHEELER, JIM",,,,,REP,Douglas,ocd-division/country:us/state:nv/county:douglas,"4,037",,,Yes,,2014,67,True,67
2015-06-20 21:18:40.765000,nv-2014-06-10-primary,2014-06-10 00:00:00,2014-06-10 00:00:00,primary,certified,False,State Assembly,39,"WHEELER, JIM",,,,,REP,Lyon,ocd-division/country:us/state:nv/county:lyon,635,,,Yes,,2014,67,True,67
2015-06-20 21:18:40.765000,nv-2014-06-10-primary,2014-06-10 00:00:00,2014-06-10 00:00:00,primary,certified,False,State Assembly,38,"FREY, NORM",,,,,REP,Lyon,ocd-division/country:us/state:nv/county:lyon,"1,205",,,No,,2014,48,False,48
2015-06-20 21:18:40.765000,nv-2014-06-10-primary,2014-06-10 00:00:00,2014-06-10 00:00:00,primary,certified,False,State Assembly,38,"FREY, NORM",,,,,REP,Churchill,ocd-division/country:us/state:nv/county:churchill,"1,398",,,No,,2014,48,False,48
2015-06-20 21:18:40.765000,nv-2014-06-10-primary,2014-06-10 00:00:00,2014-06-10 00:00:00,primary,certified,False,State Assembly,38,"TITUS, ROBIN L.",,,,,REP,Lyon,ocd-division/country:us/state:nv/county:lyon,"2,260",,,Yes,,2014,48,False,48
2015-06-20 21:18:40.765000,nv-2014-06-10-primary,2014-06-10 00:00:00,2014-06-10 00:00:00,primary,certified,False,State Assembly,38,"TITUS, ROBIN L.",,,,,REP,Churchill,ocd-division/country:us/state:nv/county:churchill,846,,,Yes,,2014,48,False,48
2015-06-20 21:18:40.765000,nv-2014-06-10-primary,2014-06-10 00:00:00,2014-06-10 00:00:00,primary,certified,False,State Assembly,35,"Bajorek, Michael ""Mike""",,,,,REP,Clark,ocd-division/country:us/state:nv/county:clark,572,,,No,,2014,31,False,31
2015-06-20 21:18:40.765000,nv-2014-06-10-primary,2014-06-10 00:00:00,2014-06-10 00:00:00,primary,certified,False,State Assembly,35,"Jones, Brent A.",,,,,REP,Clark,ocd-division/country:us/state:nv/county:clark,"1,024",,,Yes,,2014,31,False,31
2015-06-20 21:18:40.765000,nv-2014-06-10-primary,2014-06-10 00:00:00,2014-06-10 00:00:00,primary,certified,False,State Assembly,35,"Clark, Jr., Charles J.",,,,,DEM,Clark,ocd-division/country:us/state:nv/county:clark,175,,,No,,2014,31,False,31
2015-06-20 21:18:40.765000,nv-2014-06-10-primary,2014-06-10 00:00:00,2014-06-10 00:00:00,primary,certified,False,State Assembly,35,"Healey, James",,,,,DEM,Clark,ocd-division/country:us/state:nv/county:clark,813,,,Yes,,2014,31,True,31
2015-06-20 21:18:40.765000,nv-2014-06-10-primary,2014-06-10 00:00:00,2014-06-10 00:00:00,primary,certified,False,State Assembly,34,"Raja, Fayyaz",,,,,DEM,Clark,ocd-division/country:us/state:nv/county:clark,97,,,No,,2014,36,False,36
2015-06-20 21:18:40.765000,nv-2014-06-10-primary,2014-06-10 00:00:00,2014-06-10 00:00:00,primary,certified,False,State Assembly,34,"Sedera, Sanje",,,,,DEM,Clark,ocd-division/country:us/state:nv/county:clark,555,,,No,,2014,36,False,36
2015-06-20 21:18:40.765000,nv-2014-06-10-primary,2014-06-10 00:00:00,2014-06-10 00:00:00,primary,certified,False,State Assembly,34,"Fisher, Gary",,,,,DEM,Clark,ocd-division/country:us/state:nv/county:clark,740,,,No,,2014,36,False,36
2015-06-20 21:18:40.765000,nv-2014-06-10-primary,2014-06-10 00:00:00,2014-06-10 00:00:00,primary,certified,False,State Assembly,34,"Smith, Meghan",,,,,DEM,Clark,ocd-division/country:us/state:nv/county:clark,765,,,Yes,,2014,36,False,36
2015-06-20 21:18:40.765000,nv-2014-06-10-primary,2014-06-10 00:00:00,2014-06-10 00:00:00,primary,certified,False,State Assembly,31,"Schmitt, Ron",,,,,REP,Washoe,ocd-division/country:us/state:nv/county:washoe,"1,861",,,No,,2014,71,False,61
2015-06-20 21:18:40.765000,nv-2014-06-10-primary,2014-06-10 00:00:00,2014-06-10 00:00:00,primary,certified,False,State Assembly,31,"Dickman, Jill",,,,,REP,Washoe,ocd-division/country:us/state:nv/county:washoe,"2,011",,,Yes,,2014,71,False,61
2015-06-20 21:18:40.765000,nv-2014-06-10-primary,2014-06-10 00:00:00,2014-06-10 00:00:00,primary,certified,False,State Assembly,30,"Khan, Adam",,,,,REP,Washoe,ocd-division/country:us/state:nv/county:washoe,848,,,No,,2014,78,False,64
2015-06-20 21:18:40.765000,nv-2014-06-10-primary,2014-06-10 00:00:00,2014-06-10 00:00:00,primary,certified,False,State Assembly,30,"Scott, Lauren A.",,,,,REP,Washoe,ocd-division/country:us/state:nv/county:washoe,"1,187",,,Yes,,2014,78,False,64
2015-06-20 21:18:40.765000,nv-2014-06-10-primary,2014-06-10 00:00:00,2014-06-10 00:00:00,primary,certified,False,State Assembly,29,"Groves, Amy L.",,,,,REP,Clark,ocd-division/country:us/state:nv/county:clark,928,,,No,,2014,39,False,39
2015-06-20 21:18:40.765000,nv-2014-06-10-primary,2014-06-10 00:00:00,2014-06-10 00:00:00,primary,certified,False,State Assembly,29,"Silberkraus, Stephen",,,,,REP,Clark,ocd-division/country:us/state:nv/county:clark,"1,413",,,Yes,,2014,39,False,39
2015-06-20 21:18:40.765000,nv-2014-06-10-primary,2014-06-10 00:00:00,2014-06-10 00:00:00,primary,certified,False,State Assembly,27,"Bloom, Rodney",,,,,REP,Washoe,ocd-division/country:us/state:nv/county:washoe,997,,,No,,2014,81,False,63
2015-06-20 21:18:40.765000,nv-2014-06-10-primary,2014-06-10 00:00:00,2014-06-10 00:00:00,primary,certified,False,State Assembly,27,"Crouch, Rex",,,,,REP,Washoe,ocd-division/country:us/state:nv/county:washoe,"1,555",,,Yes,,2014,81,False,63
2015-06-20 21:18:40.765000,nv-2014-06-10-primary,2014-06-10 00:00:00,2014-06-10 00:00:00,primary,certified,False,State Assembly,26,"ARCHIE, ROBB",,,,,REP,Washoe,ocd-division/country:us/state:nv/county:washoe,"1,484",,,No,,2014,135,False,90
2015-06-20 21:18:40.765000,nv-2014-06-10-primary,2014-06-10 00:00:00,2014-06-10 00:00:00,primary,certified,False,State Assembly,26,"Krasner, Lisa",,,,,REP,Washoe,ocd-division/country:us/state:nv/county:washoe,"2,029",,,No,,2014,135,False,90
2015-06-20 21:18:40.765000,nv-2014-06-10-primary,2014-06-10 00:00:00,2014-06-10 00:00:00,primary,certified,False,State Assembly,26,"KIRNER, RANDY",,,,,REP,Washoe,ocd-division/country:us/state:nv/county:washoe,"2,546",,,Yes,,2014,135,True,90
2015-06-20 21:18:40.765000,nv-2014-06-10-primary,2014-06-10 00:00:00,2014-06-10 00:00:00,primary,certified,False,State Assembly,25,"Fineberg, Rick",,,,,REP,Washoe,ocd-division/country:us/state:nv/county:washoe,"2,123",,,No,,2014,127,False,95
2015-06-20 21:18:40.765000,nv-2014-06-10-primary,2014-06-10 00:00:00,2014-06-10 00:00:00,primary,certified,False,State Assembly,25,"HICKEY, PAT",,,,,REP,Washoe,ocd-division/country:us/state:nv/county:washoe,"4,253",,,Yes,,2014,127,True,95
2015-06-20 21:18:40.765000,nv-2014-06-10-primary,2014-06-10 00:00:00,2014-06-10 00:00:00,primary,certified,False,State Assembly,22,"Bunce, Richard",,,,,REP,Clark,ocd-division/country:us/state:nv/county:clark,"1,437",,,No,,2014,40,False,40
2015-06-20 21:18:40.765000,nv-2014-06-10-primary,2014-06-10 00:00:00,2014-06-10 00:00:00,primary,certified,False,State Assembly,22,"Stewart, Lynn",,,,,REP,Clark,ocd-division/country:us/state:nv/county:clark,"2,110",,,Yes,,2014,40,True,40
2015-06-20 21:18:40.765000,nv-2014-06-10-primary,2014-06-10 00:00:00,2014-06-10 00:00:00,primary,certified,False,State Assembly,21,"Coates, Andrew W.",,,,,REP,Clark,ocd-division/country:us/state:nv/county:clark,709,,,No,,2014,31,False,31
2015-06-20 21:18:40.765000,nv-2014-06-10-primary,2014-06-10 00:00:00,2014-06-10 00:00:00,primary,certified,False,State Assembly,21,"Armstrong, Derek W.",,,,,REP,Clark,ocd-division/country:us/state:nv/county:clark,983,,,Yes,,2014,31,False,31
2015-06-20 21:18:40.765000,nv-2014-06-10-primary,2014-06-10 00:00:00,2014-06-10 00:00:00,primary,certified,False,State Assembly,19,"Tavares, Frank",,,,,REP,Clark,ocd-division/country:us/state:nv/county:clark,132,,,No,,2014,45,False,45
2015-06-20 21:18:40.765000,nv-2014-06-10-primary,2014-06-10 00:00:00,2014-06-10 00:00:00,primary,certified,False,State Assembly,19,"Bledsoe, Laura",,,,,REP,Clark,ocd-division/country:us/state:nv/county:clark,"1,057",,,No,,2014,45,False,45
2015-06-20 21:18:40.765000,nv-2014-06-10-primary,2014-06-10 00:00:00,2014-06-10 00:00:00,primary,certified,False,State Assembly,19,"Edwards, Chris",,,,,REP,Clark,ocd-division/country:us/state:nv/county:clark,"1,690",,,Yes,,2014,45,False,45
2015-06-20 21:18:40.765000,nv-2014-06-10-primary,2014-06-10 00:00:00,2014-06-10 00:00:00,primary,certified,False,State Assembly,14,"Brooks, Jack",,,,,DEM,Clark,ocd-division/country:us/state:nv/county:clark,273,,,No,,2014,24,False,24
2015-06-20 21:18:40.765000,nv-2014-06-10-primary,2014-06-10 00:00:00,2014-06-10 00:00:00,primary,certified,False,State Assembly,14,"Carlton, Maggie",,,,,DEM,Clark,ocd-division/country:us/state:nv/county:clark,796,,,Yes,,2014,24,True,24
2015-06-20 21:18:40.765000,nv-2014-06-10-primary,2014-06-10 00:00:00,2014-06-10 00:00:00,primary,certified,False,State Assembly,10,"Friedrich, Jonathan",,,,,DEM,Clark,ocd-division/country:us/state:nv/county:clark,379,,,No,,2014,36,False,36
2015-06-20 21:18:40.765000,nv-2014-06-10-primary,2014-06-10 00:00:00,2014-06-10 00:00:00,primary,certified,False,State Assembly,10,"Creedon, J.T.",,,,,DEM,Clark,ocd-division/country:us/state:nv/county:clark,651,,,No,,2014,36,False,36
2015-06-20 21:18:40.765000,nv-2014-06-10-primary,2014-06-10 00:00:00,2014-06-10 00:00:00,primary,certified,False,State Assembly,10,"Holder, Jesse ""Jake""",,,,,DEM,Clark,ocd-division/country:us/state:nv/county:clark,679,,,Yes,,2014,36,False,36
2015-06-20 21:18:40.765000,nv-2014-06-10-primary,2014-06-10 00:00:00,2014-06-10 00:00:00,primary,certified,False,State Assembly,9,"Mercer, Kelly W.",,,,,DEM,Clark,ocd-division/country:us/state:nv/county:clark,239,,,No,,2014,34,False,34
2015-06-20 21:18:40.765000,nv-2014-06-10-primary,2014-06-10 00:00:00,2014-06-10 00:00:00,primary,certified,False,State Assembly,9,"Tinio, Joe",,,,,DEM,Clark,ocd-division/country:us/state:nv/county:clark,240,,,No,,2014,34,False,34
2015-06-20 21:18:40.765000,nv-2014-06-10-primary,2014-06-10 00:00:00,2014-06-10 00:00:00,primary,certified,False,State Assembly,9,"Yeager, Steve",,,,,DEM,Clark,ocd-division/country:us/state:nv/county:clark,814,,,Yes,,2014,34,False,34
2015-06-20 21:18:40.765000,nv-2014-06-10-primary,2014-06-10 00:00:00,2014-06-10 00:00:00,primary,certified,False,State Senate,9,"Schoen, David J.",,,,,REP,Clark,ocd-division/country:us/state:nv/county:clark,206,,,No,,2014,65,False,65
2015-06-20 21:18:40.765000,nv-2014-06-10-primary,2014-06-10 00:00:00,2014-06-10 00:00:00,primary,certified,False,State Senate,9,"Gill, Vick",,,,,REP,Clark,ocd-division/country:us/state:nv/county:clark,"1,452",,,No,,2014,65,False,65
2015-06-20 21:18:40.765000,nv-2014-06-10-primary,2014-06-10 00:00:00,2014-06-10 00:00:00,primary,certified,False,State Senate,9,"Harris, Becky",,,,,REP,Clark,ocd-division/country:us/state:nv/county:clark,"1,830",,,Yes,,2014,65,False,65
2015-06-20 21:18:40.765000,nv-2014-06-10-primary,2014-06-10 00:00:00,2014-06-10 00:00:00,primary,certified,False,State Senate,8,"Myers, Lisa",,,,,REP,Clark,ocd-division/country:us/state:nv/county:clark,543,,,No,,2014,69,False,69
2015-06-20 21:18:40.765000,nv-2014-06-10-primary,2014-06-10 00:00:00,2014-06-10 00:00:00,primary,certified,False,State Senate,8,"Hurst, Clayton Kelly",,,,,REP,Clark,ocd-division/country:us/state:nv/county:clark,"2,054",,,No,,2014,69,False,69
2015-06-20 21:18:40.765000,nv-2014-06-10-primary,2014-06-10 00:00:00,2014-06-10 00:00:00,primary,certified,False,State Senate,8,"Farley, Patricia",,,,,REP,Clark,ocd-division/country:us/state:nv/county:clark,"2,814",,,Yes,,2014,69,False,69
2015-06-20 21:18:40.765000,nv-2014-06-10-primary,2014-06-10 00:00:00,2014-06-10 00:00:00,primary,certified,False,State Senate,8,"Leduff, Garrett J.",,,,,DEM,Clark,ocd-division/country:us/state:nv/county:clark,582,,,No,,2014,69,False,69
2015-06-20 21:18:40.765000,nv-2014-06-10-primary,2014-06-10 00:00:00,2014-06-10 00:00:00,primary,certified,False,State Senate,8,"Dondero-Loop, Marilyn",,,,,DEM,Clark,ocd-division/country:us/state:nv/county:clark,"2,844",,,Yes,,2014,69,False,69
2015-06-20 21:18:40.765000,nv-2014-06-10-primary,2014-06-10 00:00:00,2014-06-10 00:00:00,primary,certified,False,U.S. Representative in Congress,4,"Monroe, Mike",,,,,REP,Nye,ocd-division/country:us/state:nv/county:nye,925,,,No,,2014,449,False,446
2015-06-20 21:18:40.765000,nv-2014-06-10-primary,2014-06-10 00:00:00,2014-06-10 00:00:00,primary,certified,False,U.S. Representative in Congress,4,"Monroe, Mike",,,,,REP,Lyon,ocd-division/country:us/state:nv/county:lyon,398,,,No,,2014,449,False,446
2015-06-20 21:18:40.765000,nv-2014-06-10-primary,2014-06-10 00:00:00,2014-06-10 00:00:00,primary,certified,False,U.S. Representative in Congress,4,"Innis, Niger",,,,,REP,Lyon,ocd-division/country:us/state:nv/county:lyon,400,,,No,,2014,449,False,446
2015-06-20 21:18:40.765000,nv-2014-06-10-primary,2014-06-10 00:00:00,2014-06-10 00:00:00,primary,certified,False,U.S. Representative in Congress,4,"Zeller, Sid",,,,,DEM,Nye,ocd-division/country:us/state:nv/county:nye,213,,,No,,2014,449,False,446
2015-06-20 21:18:40.765000,nv-2014-06-10-primary,2014-06-10 00:00:00,2014-06-10 00:00:00,primary,certified,False,U.S. Representative in Congress,4,"Zeller, Sid",,,,,DEM,Lyon,ocd-division/country:us/state:nv/county:lyon,70,,,No,,2014,449,False,446
2015-06-20 21:18:40.765000,nv-2014-06-10-primary,2014-06-10 00:00:00,2014-06-10 00:00:00,primary,certified,False,U.S. Representative in Congress,4,"Budetich, Mark",,,,,DEM,Nye,ocd-division/country:us/state:nv/county:nye,204,,,No,,2014,449,False,446
2015-06-20 21:18:40.765000,nv-2014-06-10-primary,2014-06-10 00:00:00,2014-06-10 00:00:00,primary,certified,False,U.S. Representative in Congress,2,"Lee, Ed",,,,,DEM,Storey,ocd-division/country:us/state:nv/county:storey,28,,,No,,2014,700,False,699
2015-06-20 21:18:40.765000,nv-2014-06-10-primary,2014-06-10 00:00:00,2014-06-10 00:00:00,primary,certified,False,U.S. Representative in Congress,2,"Lee, Ed",,,,,DEM,Eureka,ocd-division/country:us/state:nv/county:eureka,2,,,No,,2014,700,False,699
2015-06-20 21:18:40.765000,nv-2014-06-10-primary,2014-06-10 00:00:00,2014-06-10 00:00:00,primary,certified,False,U.S. Representative in Congress,2,"Lee, Ed",,,,,DEM,Elko,ocd-division/country:us/state:nv/county:elko,99,,,No,,2014,700,False,699
2015-06-20 21:18:40.765000,nv-2014-06-10-primary,2014-06-10 00:00:00,2014-06-10 00:00:00,primary,certified,False,U.S. Representative in Congress,2,"Lee, Ed",,,,,DEM,Lyon,ocd-division/country:us/state:nv/county:lyon,156,,,No,,2014,700,False,699
2015-06-20 21:18:40.765000,nv-2014-06-10-primary,2014-06-10 00:00:00,2014-06-10 00:00:00,primary,certified,False,U.S. Representative in Congress,2,"Lee, Ed",,,,,DEM,Lander,ocd-division/country:us/state:nv/county:lander,38,,,No,,2014,700,False,699
2015-06-20 21:18:40.765000,nv-2014-06-10-primary,2014-06-10 00:00:00,2014-06-10 00:00:00,primary,certified,False,U.S. Representative in Congress,2,"Alm, Vance",,,,,DEM,Elko,ocd-division/country:us/state:nv/county:elko,58,,,No,,2014,700,False,699
2015-06-20 21:18:40.765000,nv-2014-06-10-primary,2014-06-10 00:00:00,2014-06-10 00:00:00,primary,certified,False,U.S. Representative in Congress,2,"Alm, Vance",,,,,DEM,Lyon,ocd-division/country:us/state:nv/county:lyon,131,,,No,,2014,700,False,699
2015-06-20 21:18:40.765000,nv-2014-06-10-primary,2014-06-10 00:00:00,2014-06-10 00:00:00,primary,certified,False,State Assembly,7,"Taylor, Stephen ""Steph""",,,,,DEM,Clark,ocd-division/country:us/state:nv/county:clark,307,,,No,,2014,31,False,31
2015-06-20 21:18:40.765000,nv-2014-06-10-primary,2014-06-10 00:00:00,2014-06-10 00:00:00,primary,certified,False,U.S. Representative in Congress,1,"Padilla, Jose",,,,,REP,Clark,ocd-division/country:us/state:nv/county:clark,"5,045",,,No,,2014,307,False,305
2015-06-20 21:18:40.765000,nv-2014-06-10-primary,2014-06-10 00:00:00,2014-06-10 00:00:00,primary,certified,False,U.S. Representative in Congress,1,"Teijeiro, Annette",,,,,REP,Clark,ocd-division/country:us/state:nv/county:clark,"6,083",,,Yes,,2014,307,False,305
2015-06-20 21:18:40.765000,nv-2014-06-10-primary,2014-06-10 00:00:00,2014-06-10 00:00:00,primary,certified,False,U.S. Representative in Congress,1,"Peters, Herbert Glenn",,,,,DEM,Clark,ocd-division/country:us/state:nv/county:clark,"2,106",,,No,,2014,307,False,305
2015-06-20 21:18:40.765000,nv-2014-06-10-primary,2014-06-10 00:00:00,2014-06-10 00:00:00,primary,certified,False,U.S. Representative in Congress,1,"Titus, Dina",,,,,DEM,Clark,ocd-division/country:us/state:nv/county:clark,"12,966",,,Yes,,2014,307,True,305
2015-06-20 21:18:40.765000,nv-2014-06-10-primary,2014-06-10 00:00:00,2014-06-10 00:00:00,primary,certified,False,U.S. Representative in Congress,2,"Spees, Kristen",,,,,DEM,Carson City,ocd-division/country:us/state:nv/place:carson_city,815,,,Yes,,2014,700,False,699
2015-06-20 21:18:40.765000,nv-2014-06-10-primary,2014-06-10 00:00:00,2014-06-10 00:00:00,primary,certified,False,U.S. Representative in Congress,2,"Spees, Kristen",,,,,DEM,Churchill,ocd-division/country:us/state:nv/county:churchill,143,,,Yes,,2014,700,False,699
2015-06-20 21:18:40.765000,nv-2014-06-10-primary,2014-06-10 00:00:00,2014-06-10 00:00:00,primary,certified,False,U.S. Representative in Congress,2,"Spees, Kristen",,,,,DEM,Lander,ocd-division/country:us/state:nv/county:lander,47,,,Yes,,2014,700,False,699
2015-06-20 21:18:40.765000,nv-2014-06-10-primary,2014-06-10 00:00:00,2014-06-10 00:00:00,primary,certified,False,U.S. Representative in Congress,2,"Spees, Kristen",,,,,DEM,Humboldt,ocd-division/country:us/state:nv/county:humboldt,121,,,Yes,,2014,700,False,699
2015-06-20 21:18:40.765000,nv-2014-06-10-primary,2014-06-10 00:00:00,2014-06-10 00:00:00,primary,certified,False,U.S. Representative in Congress,2,"Spees, Kristen",,,,,DEM,Lyon,ocd-division/country:us/state:nv/county:lyon,417,,,Yes,,2014,700,False,699
2015-06-20 21:18:40.765000,nv-2014-06-10-primary,2014-06-10 00:00:00,2014-06-10 00:00:00,primary,certified,False,U.S. Representative in Congress,2,"Spees, Kristen",,,,,DEM,Elko,ocd-division/country:us/state:nv/county:elko,222,,,Yes,,2014,700,False,699
2015-06-20 21:18:40.765000,nv-2014-06-10-primary,2014-06-10 00:00:00,2014-06-10 00:00:00,primary,certified,False,U.S. Representative in Congress,2,"Spees, Kristen",,,,,DEM,Douglas,ocd-division/country:us/state:nv/county:douglas,540,,,Yes,,2014,700,False,699
2015-06-20 21:18:40.765000,nv-2014-06-10-primary,2014-06-10 00:00:00,2014-06-10 00:00:00,primary,certified,False,U.S. Representative in Congress,2,"Spees, Kristen",,,,,DEM,Eureka,ocd-division/country:us/state:nv/county:eureka,8,,,Yes,,2014,700,False,699
2015-06-20 21:18:40.765000,nv-2014-06-10-primary,2014-06-10 00:00:00,2014-06-10 00:00:00,primary,certified,False,U.S. Representative in Congress,2,"Spees, Kristen",,,,,DEM,Washoe,ocd-division/country:us/state:nv/county:washoe,"5,682",,,Yes,,2014,700,False,699
2015-06-20 21:18:40.765000,nv-2014-06-10-primary,2014-06-10 00:00:00,2014-06-10 00:00:00,primary,certified,False,U.S. Representative in Congress,2,"Spees, Kristen",,,,,DEM,Storey,ocd-division/country:us/state:nv/county:storey,109,,,Yes,,2014,700,False,699
2015-06-20 21:18:40.765000,nv-2014-06-10-primary,2014-06-10 00:00:00,2014-06-10 00:00:00,primary,certified,False,U.S. Representative in Congress,2,"Spees, Kristen",,,,,DEM,Pershing,ocd-division/country:us/state:nv/county:pershing,102,,,Yes,,2014,700,False,699
2015-06-20 21:18:40.765000,nv-2014-06-10-primary,2014-06-10 00:00:00,2014-06-10 00:00:00,primary,certified,False,U.S. Representative in Congress,2,"Dempsey, Brian",,,,,DEM,Carson City,ocd-division/country:us/state:nv/place:carson_city,719,,,No,,2014,700,False,699
2015-06-20 21:18:40.765000,nv-2014-06-10-primary,2014-06-10 00:00:00,2014-06-10 00:00:00,primary,certified,False,U.S. Representative in Congress,2,"Dempsey, Brian",,,,,DEM,Churchill,ocd-division/country:us/state:nv/county:churchill,166,,,No,,2014,700,False,699
2015-06-20 21:18:40.765000,nv-2014-06-10-primary,2014-06-10 00:00:00,2014-06-10 00:00:00,primary,certified,False,U.S. Representative in Congress,2,"Dempsey, Brian",,,,,DEM,Lander,ocd-division/country:us/state:nv/county:lander,79,,,No,,2014,700,False,699
2015-06-20 21:18:40.765000,nv-2014-06-10-primary,2014-06-10 00:00:00,2014-06-10 00:00:00,primary,certified,False,U.S. Representative in Congress,2,"Dempsey, Brian",,,,,DEM,Humboldt,ocd-division/country:us/state:nv/county:humboldt,129,,,No,,2014,700,False,699
2015-06-20 21:18:40.765000,nv-2014-06-10-primary,2014-06-10 00:00:00,2014-06-10 00:00:00,primary,certified,False,U.S. Representative in Congress,2,"Dempsey, Brian",,,,,DEM,Lyon,ocd-division/country:us/state:nv/county:lyon,329,,,No,,2014,700,False,699
2015-06-20 21:18:40.765000,nv-2014-06-10-primary,2014-06-10 00:00:00,2014-06-10 00:00:00,primary,certified,False,U.S. Representative in Congress,2,"Dempsey, Brian",,,,,DEM,Elko,ocd-division/country:us/state:nv/county:elko,215,,,No,,2014,700,False,699
2015-06-20 21:18:40.765000,nv-2014-06-10-primary,2014-06-10 00:00:00,2014-06-10 00:00:00,primary,certified,False,U.S. Representative in Congress,2,"Dempsey, Brian",,,,,DEM,Douglas,ocd-division/country:us/state:nv/county:douglas,563,,,No,,2014,700,False,699
2015-06-20 21:18:40.765000,nv-2014-06-10-primary,2014-06-10 00:00:00,2014-06-10 00:00:00,primary,certified,False,U.S. Representative in Congress,2,"Dempsey, Brian",,,,,DEM,Eureka,ocd-division/country:us/state:nv/county:eureka,19,,,No,,2014,700,False,699
2015-06-20 21:18:40.765000,nv-2014-06-10-primary,2014-06-10 00:00:00,2014-06-10 00:00:00,primary,certified,False,U.S. Representative in Congress,2,"Dempsey, Brian",,,,,DEM,Washoe,ocd-division/country:us/state:nv/county:washoe,"4,411",,,No,,2014,700,False,699
2015-06-20 21:18:40.765000,nv-2014-06-10-primary,2014-06-10 00:00:00,2014-06-10 00:00:00,primary,certified,False,U.S. Representative in Congress,2,"Dempsey, Brian",,,,,DEM,Storey,ocd-division/country:us/state:nv/county:storey,90,,,No,,2014,700,False,699
2015-06-20 21:18:40.765000,nv-2014-06-10-primary,2014-06-10 00:00:00,2014-06-10 00:00:00,primary,certified,False,U.S. Representative in Congress,2,"Dempsey, Brian",,,,,DEM,Pershing,ocd-division/country:us/state:nv/county:pershing,84,,,No,,2014,700,False,699
2015-06-20 21:18:40.765000,nv-2014-06-10-primary,2014-06-10 00:00:00,2014-06-10 00:00:00,primary,certified,False,U.S. Representative in Congress,2,"Alm, Vance",,,,,DEM,Carson City,ocd-division/country:us/state:nv/place:carson_city,358,,,No,,2014,700,False,699
2015-06-20 21:18:40.765000,nv-2014-06-10-primary,2014-06-10 00:00:00,2014-06-10 00:00:00,primary,certified,False,U.S. Representative in Congress,2,"Alm, Vance",,,,,DEM,Churchill,ocd-division/country:us/state:nv/county:churchill,61,,,No,,2014,700,False,699
2015-06-20 21:18:40.765000,nv-2014-06-10-primary,2014-06-10 00:00:00,2014-06-10 00:00:00,primary,certified,False,U.S. Representative in Congress,2,"Alm, Vance",,,,,DEM,Lander,ocd-division/country:us/state:nv/county:lander,23,,,No,,2014,700,False,699
2015-06-20 21:18:40.765000,nv-2014-06-10-primary,2014-06-10 00:00:00,2014-06-10 00:00:00,primary,certified,False,U.S. Representative in Congress,2,"Alm, Vance",,,,,DEM,Humboldt,ocd-division/country:us/state:nv/county:humboldt,25,,,No,,2014,700,False,699
2015-06-20 21:18:40.765000,nv-2014-06-10-primary,2014-06-10 00:00:00,2014-06-10 00:00:00,primary,certified,False,U.S. Representative in Congress,2,"Alm, Vance",,,,,DEM,Douglas,ocd-division/country:us/state:nv/county:douglas,233,,,No,,2014,700,False,699
2015-06-20 21:18:40.765000,nv-2014-06-10-primary,2014-06-10 00:00:00,2014-06-10 00:00:00,primary,certified,False,U.S. Representative in Congress,2,"Alm, Vance",,,,,DEM,Eureka,ocd-division/country:us/state:nv/county:eureka,2,,,No,,2014,700,False,699
2015-06-20 21:18:40.765000,nv-2014-06-10-primary,2014-06-10 00:00:00,2014-06-10 00:00:00,primary,certified,False,U.S. Representative in Congress,2,"Alm, Vance",,,,,DEM,Washoe,ocd-division/country:us/state:nv/county:washoe,"2,279",,,No,,2014,700,False,699
2015-06-20 21:18:40.765000,nv-2014-06-10-primary,2014-06-10 00:00:00,2014-06-10 00:00:00,primary,certified,False,U.S. Representative in Congress,2,"Alm, Vance",,,,,DEM,Storey,ocd-division/country:us/state:nv/county:storey,37,,,No,,2014,700,False,699
2015-06-20 21:18:40.765000,nv-2014-06-10-primary,2014-06-10 00:00:00,2014-06-10 00:00:00,primary,certified,False,U.S. Representative in Congress,2,"Alm, Vance",,,,,DEM,Pershing,ocd-division/country:us/state:nv/county:pershing,18,,,No,,2014,700,False,699
2015-06-20 21:18:40.765000,nv-2014-06-10-primary,2014-06-10 00:00:00,2014-06-10 00:00:00,primary,certified,False,U.S. Representative in Congress,2,"Lee, Ed",,,,,DEM,Carson City,ocd-division/country:us/state:nv/place:carson_city,341,,,No,,2014,700,False,699
2015-06-20 21:18:40.765000,nv-2014-06-10-primary,2014-06-10 00:00:00,2014-06-10 00:00:00,primary,certified,False,U.S. Representative in Congress,2,"Lee, Ed",,,,,DEM,Churchill,ocd-division/country:us/state:nv/county:churchill,85,,,No,,2014,700,False,699
2015-06-20 21:18:40.765000,nv-2014-06-10-primary,2014-06-10 00:00:00,2014-06-10 00:00:00,primary,certified,False,U.S. Representative in Congress,2,"Lee, Ed",,,,,DEM,Humboldt,ocd-division/country:us/state:nv/county:humboldt,85,,,No,,2014,700,False,699
2015-06-20 21:18:40.765000,nv-2014-06-10-primary,2014-06-10 00:00:00,2014-06-10 00:00:00,primary,certified,False,U.S. Representative in Congress,2,"Lee, Ed",,,,,DEM,Douglas,ocd-division/country:us/state:nv/county:douglas,185,,,No,,2014,700,False,699
2015-06-20 21:18:40.765000,nv-2014-06-10-primary,2014-06-10 00:00:00,2014-06-10 00:00:00,primary,certified,False,U.S. Representative in Congress,2,"Lee, Ed",,,,,DEM,Washoe,ocd-division/country:us/state:nv/county:washoe,"2,098",,,No,,2014,700,False,699
2015-06-20 21:18:40.765000,nv-2014-06-10-primary,2014-06-10 00:00:00,2014-06-10 00:00:00,primary,certified,False,U.S. Representative in Congress,2,"Lee, Ed",,,,,DEM,Pershing,ocd-division/country:us/state:nv/county:pershing,47,,,No,,2014,700,False,699
2015-06-20 21:18:40.765000,nv-2014-06-10-primary,2014-06-10 00:00:00,2014-06-10 00:00:00,primary,certified,False,U.S. Representative in Congress,3,"Bilbray, Erin",,,,,DEM,Clark,ocd-division/country:us/state:nv/county:clark,"13,204",,,Yes,,2014,415,False,413
2015-06-20 21:18:40.765000,nv-2014-06-10-primary,2014-06-10 00:00:00,2014-06-10 00:00:00,primary,certified,False,U.S. Representative in Congress,3,"Campbell, Zachary ""Mr. Z.""",,,,,DEM,Clark,ocd-division/country:us/state:nv/county:clark,"2,511",,,No,,2014,415,False,413
2015-06-20 21:18:40.765000,nv-2014-06-10-primary,2014-06-10 00:00:00,2014-06-10 00:00:00,primary,certified,False,U.S. Representative in Congress,4,"Horsford, Steven A.",,,,,DEM,White Pine,ocd-division/country:us/state:nv/county:white_pine,394,,,Yes,,2014,449,True,446
2015-06-20 21:18:40.765000,nv-2014-06-10-primary,2014-06-10 00:00:00,2014-06-10 00:00:00,primary,certified,False,U.S. Representative in Congress,4,"Horsford, Steven A.",,,,,DEM,Lincoln,ocd-division/country:us/state:nv/county:lincoln,116,,,Yes,,2014,449,True,446
2015-06-20 21:18:40.765000,nv-2014-06-10-primary,2014-06-10 00:00:00,2014-06-10 00:00:00,primary,certified,False,U.S. Representative in Congress,4,"Horsford, Steven A.",,,,,DEM,Clark,ocd-division/country:us/state:nv/county:clark,"13,831",,,Yes,,2014,449,True,446
2015-06-20 21:18:40.765000,nv-2014-06-10-primary,2014-06-10 00:00:00,2014-06-10 00:00:00,primary,certified,False,U.S. Representative in Congress,4,"Horsford, Steven A.",,,,,DEM,Lyon,ocd-division/country:us/state:nv/county:lyon,253,,,Yes,,2014,449,True,446
2015-06-20 21:18:40.765000,nv-2014-06-10-primary,2014-06-10 00:00:00,2014-06-10 00:00:00,primary,certified,False,U.S. Representative in Congress,4,"Horsford, Steven A.",,,,,DEM,Esmeralda,ocd-division/country:us/state:nv/county:esmeralda,9,,,Yes,,2014,449,True,446
2015-06-20 21:18:40.765000,nv-2014-06-10-primary,2014-06-10 00:00:00,2014-06-10 00:00:00,primary,certified,False,U.S. Representative in Congress,4,"Horsford, Steven A.",,,,,DEM,Nye,ocd-division/country:us/state:nv/county:nye,"1,429",,,Yes,,2014,449,True,446
2015-06-20 21:18:40.765000,nv-2014-06-10-primary,2014-06-10 00:00:00,2014-06-10 00:00:00,primary,certified,False,U.S. Representative in Congress,4,"Horsford, Steven A.",,,,,DEM,Mineral,ocd-division/country:us/state:nv/county:mineral,237,,,Yes,,2014,449,True,446
2015-06-20 21:18:40.765000,nv-2014-06-10-primary,2014-06-10 00:00:00,2014-06-10 00:00:00,primary,certified,False,U.S. Representative in Congress,4,"Budetich, Mark",,,,,DEM,White Pine,ocd-division/country:us/state:nv/county:white_pine,99,,,No,,2014,449,False,446
2015-06-20 21:18:40.765000,nv-2014-06-10-primary,2014-06-10 00:00:00,2014-06-10 00:00:00,primary,certified,False,U.S. Representative in Congress,4,"Budetich, Mark",,,,,DEM,Lincoln,ocd-division/country:us/state:nv/county:lincoln,23,,,No,,2014,449,False,446
2015-06-20 21:18:40.765000,nv-2014-06-10-primary,2014-06-10 00:00:00,2014-06-10 00:00:00,primary,certified,False,U.S. Representative in Congress,4,"Budetich, Mark",,,,,DEM,Clark,ocd-division/country:us/state:nv/county:clark,"1,139",,,No,,2014,449,False,446
2015-06-20 21:18:40.765000,nv-2014-06-10-primary,2014-06-10 00:00:00,2014-06-10 00:00:00,primary,certified,False,U.S. Representative in Congress,4,"Budetich, Mark",,,,,DEM,Lyon,ocd-division/country:us/state:nv/county:lyon,37,,,No,,2014,449,False,446
2015-06-20 21:18:40.765000,nv-2014-06-10-primary,2014-06-10 00:00:00,2014-06-10 00:00:00,primary,certified,False,U.S. Representative in Congress,4,"Budetich, Mark",,,,,DEM,Esmeralda,ocd-division/country:us/state:nv/county:esmeralda,7,,,No,,2014,449,False,446
2015-06-20 21:18:40.765000,nv-2014-06-10-primary,2014-06-10 00:00:00,2014-06-10 00:00:00,primary,certified,False,U.S. Representative in Congress,4,"Budetich, Mark",,,,,DEM,Mineral,ocd-division/country:us/state:nv/county:mineral,23,,,No,,2014,449,False,446
2015-06-20 21:18:40.765000,nv-2014-06-10-primary,2014-06-10 00:00:00,2014-06-10 00:00:00,primary,certified,False,U.S. Representative in Congress,4,"Zeller, Sid",,,,,DEM,White Pine,ocd-division/country:us/state:nv/county:white_pine,88,,,No,,2014,449,False,446
2015-06-20 21:18:40.765000,nv-2014-06-10-primary,2014-06-10 00:00:00,2014-06-10 00:00:00,primary,certified,False,U.S. Representative in Congress,4,"Zeller, Sid",,,,,DEM,Lincoln,ocd-division/country:us/state:nv/county:lincoln,27,,,No,,2014,449,False,446
2015-06-20 21:18:40.765000,nv-2014-06-10-primary,2014-06-10 00:00:00,2014-06-10 00:00:00,primary,certified,False,U.S. Representative in Congress,4,"Zeller, Sid",,,,,DEM,Clark,ocd-division/country:us/state:nv/county:clark,"1,064",,,No,,2014,449,False,446
2015-06-20 21:18:40.765000,nv-2014-06-10-primary,2014-06-10 00:00:00,2014-06-10 00:00:00,primary,certified,False,U.S. Representative in Congress,4,"Zeller, Sid",,,,,DEM,Esmeralda,ocd-division/country:us/state:nv/county:esmeralda,6,,,No,,2014,449,False,446
2015-06-20 21:18:40.765000,nv-2014-06-10-primary,2014-06-10 00:00:00,2014-06-10 00:00:00,primary,certified,False,U.S. Representative in Congress,4,"Zeller, Sid",,,,,DEM,Mineral,ocd-division/country:us/state:nv/county:mineral,30,,,No,,2014,449,False,446
2015-06-20 21:18:40.765000,nv-2014-06-10-primary,2014-06-10 00:00:00,2014-06-10 00:00:00,primary,certified,False,U.S. Representative in Congress,4,"Hardy, Cresent",,,,,REP,White Pine,ocd-division/country:us/state:nv/county:white_pine,249,,,Yes,,2014,449,False,446
2015-06-20 21:18:40.765000,nv-2014-06-10-primary,2014-06-10 00:00:00,2014-06-10 00:00:00,primary,certified,False,U.S. Representative in Congress,4,"Hardy, Cresent",,,,,REP,Lincoln,ocd-division/country:us/state:nv/county:lincoln,194,,,Yes,,2014,449,False,446
2015-06-20 21:18:40.765000,nv-2014-06-10-primary,2014-06-10 00:00:00,2014-06-10 00:00:00,primary,certified,False,U.S. Representative in Congress,4,"Hardy, Cresent",,,,,REP,Clark,ocd-division/country:us/state:nv/county:clark,"8,205",,,Yes,,2014,449,False,446
2015-06-20 21:18:40.765000,nv-2014-06-10-primary,2014-06-10 00:00:00,2014-06-10 00:00:00,primary,certified,False,U.S. Representative in Congress,4,"Hardy, Cresent",,,,,REP,Lyon,ocd-division/country:us/state:nv/county:lyon,504,,,Yes,,2014,449,False,446
2015-06-20 21:18:40.765000,nv-2014-06-10-primary,2014-06-10 00:00:00,2014-06-10 00:00:00,primary,certified,False,U.S. Representative in Congress,4,"Hardy, Cresent",,,,,REP,Esmeralda,ocd-division/country:us/state:nv/county:esmeralda,22,,,Yes,,2014,449,False,446
2015-06-20 21:18:40.765000,nv-2014-06-10-primary,2014-06-10 00:00:00,2014-06-10 00:00:00,primary,certified,False,U.S. Representative in Congress,4,"Hardy, Cresent",,,,,REP,Nye,ocd-division/country:us/state:nv/county:nye,"1,135",,,Yes,,2014,449,False,446
2015-06-20 21:18:40.765000,nv-2014-06-10-primary,2014-06-10 00:00:00,2014-06-10 00:00:00,primary,certified,False,U.S. Representative in Congress,4,"Hardy, Cresent",,,,,REP,Mineral,ocd-division/country:us/state:nv/county:mineral,89,,,Yes,,2014,449,False,446
2015-06-20 21:18:40.765000,nv-2014-06-10-primary,2014-06-10 00:00:00,2014-06-10 00:00:00,primary,certified,False,U.S. Representative in Congress,4,"Innis, Niger",,,,,REP,White Pine,ocd-division/country:us/state:nv/county:white_pine,256,,,No,,2014,449,False,446
2015-06-20 21:18:40.765000,nv-2014-06-10-primary,2014-06-10 00:00:00,2014-06-10 00:00:00,primary,certified,False,U.S. Representative in Congress,4,"Innis, Niger",,,,,REP,Lincoln,ocd-division/country:us/state:nv/county:lincoln,235,,,No,,2014,449,False,446
2015-06-20 21:18:40.765000,nv-2014-06-10-primary,2014-06-10 00:00:00,2014-06-10 00:00:00,primary,certified,False,U.S. Representative in Congress,4,"Innis, Niger",,,,,REP,Clark,ocd-division/country:us/state:nv/county:clark,"5,515",,,No,,2014,449,False,446
2015-06-20 21:18:40.765000,nv-2014-06-10-primary,2014-06-10 00:00:00,2014-06-10 00:00:00,primary,certified,False,U.S. Representative in Congress,4,"Innis, Niger",,,,,REP,Esmeralda,ocd-division/country:us/state:nv/county:esmeralda,32,,,No,,2014,449,False,446
2015-06-20 21:18:40.765000,nv-2014-06-10-primary,2014-06-10 00:00:00,2014-06-10 00:00:00,primary,certified,False,U.S. Representative in Congress,4,"Innis, Niger",,,,,REP,Nye,ocd-division/country:us/state:nv/county:nye,"1,458",,,No,,2014,449,False,446
2015-06-20 21:18:40.765000,nv-2014-06-10-primary,2014-06-10 00:00:00,2014-06-10 00:00:00,primary,certified,False,U.S. Representative in Congress,4,"Innis, Niger",,,,,REP,Mineral,ocd-division/country:us/state:nv/county:mineral,181,,,No,,2014,449,False,446
2015-06-20 21:18:40.765000,nv-2014-06-10-primary,2014-06-10 00:00:00,2014-06-10 00:00:00,primary,certified,False,U.S. Representative in Congress,4,"Monroe, Mike",,,,,REP,White Pine,ocd-division/country:us/state:nv/county:white_pine,259,,,No,,2014,449,False,446
2015-06-20 21:18:40.765000,nv-2014-06-10-primary,2014-06-10 00:00:00,2014-06-10 00:00:00,primary,certified,False,U.S. Representative in Congress,4,"Monroe, Mike",,,,,REP,Lincoln,ocd-division/country:us/state:nv/county:lincoln,96,,,No,,2014,449,False,446
2015-06-20 21:18:40.765000,nv-2014-06-10-primary,2014-06-10 00:00:00,2014-06-10 00:00:00,primary,certified,False,U.S. Representative in Congress,4,"Monroe, Mike",,,,,REP,Clark,ocd-division/country:us/state:nv/county:clark,"3,576",,,No,,2014,449,False,446
2015-06-20 21:18:40.765000,nv-2014-06-10-primary,2014-06-10 00:00:00,2014-06-10 00:00:00,primary,certified,False,U.S. Representative in Congress,4,"Monroe, Mike",,,,,REP,Esmeralda,ocd-division/country:us/state:nv/county:esmeralda,42,,,No,,2014,449,False,446
2015-06-20 21:18:40.765000,nv-2014-06-10-primary,2014-06-10 00:00:00,2014-06-10 00:00:00,primary,certified,False,U.S. Representative in Congress,4,"Monroe, Mike",,,,,REP,Mineral,ocd-division/country:us/state:nv/county:mineral,97,,,No,,2014,449,False,446
2015-06-20 21:18:40.765000,nv-2014-06-10-primary,2014-06-10 00:00:00,2014-06-10 00:00:00,primary,certified,False,U.S. Representative in Congress,4,"Poliak, Carlo ""Mazunga""",,,,,REP,White Pine,ocd-division/country:us/state:nv/county:white_pine,22,,,No,,2014,449,False,446
2015-06-20 21:18:40.765000,nv-2014-06-10-primary,2014-06-10 00:00:00,2014-06-10 00:00:00,primary,certified,False,U.S. Representative in Congress,4,"Poliak, Carlo ""Mazunga""",,,,,REP,Lincoln,ocd-division/country:us/state:nv/county:lincoln,7,,,No,,2014,449,False,446
2015-06-20 21:18:40.765000,nv-2014-06-10-primary,2014-06-10 00:00:00,2014-06-10 00:00:00,primary,certified,False,U.S. Representative in Congress,4,"Poliak, Carlo ""Mazunga""",,,,,REP,Clark,ocd-division/country:us/state:nv/county:clark,366,,,No,,2014,449,False,446
2015-06-20 21:18:40.765000,nv-2014-06-10-primary,2014-06-10 00:00:00,2014-06-10 00:00:00,primary,certified,False,U.S. Representative in Congress,4,"Poliak, Carlo ""Mazunga""",,,,,REP,Lyon,ocd-division/country:us/state:nv/county:lyon,33,,,No,,2014,449,False,446
2015-06-20 21:18:40.765000,nv-2014-06-10-primary,2014-06-10 00:00:00,2014-06-10 00:00:00,primary,certified,False,U.S. Representative in Congress,4,"Poliak, Carlo ""Mazunga""",,,,,REP,Esmeralda,ocd-division/country:us/state:nv/county:esmeralda,4,,,No,,2014,449,False,446
2015-06-20 21:18:40.765000,nv-2014-06-10-primary,2014-06-10 00:00:00,2014-06-10 00:00:00,primary,certified,False,U.S. Representative in Congress,4,"Poliak, Carlo ""Mazunga""",,,,,REP,Nye,ocd-division/country:us/state:nv/county:nye,85,,,No,,2014,449,False,446
2015-06-20 21:18:40.765000,nv-2014-06-10-primary,2014-06-10 00:00:00,2014-06-10 00:00:00,primary,certified,False,U.S. Representative in Congress,4,"Poliak, Carlo ""Mazunga""",,,,,REP,Mineral,ocd-division/country:us/state:nv/county:mineral,6,,,No,,2014,449,False,446
2015-06-20 21:18:40.765000,nv-2014-06-10-primary,2014-06-10 00:00:00,2014-06-10 00:00:00,primary,certified,False,State Senate,16,"Kieckhefer, Ben",,,,,REP,Carson City,ocd-division/country:us/state:nv/place:carson_city,"3,174",,,Yes,,2014,195,True,138
2015-06-20 21:18:40.765000,nv-2014-06-10-primary,2014-06-10 00:00:00,2014-06-10 00:00:00,primary,certified,False,State Senate,16,"Schmidt, Gary",,,,,REP,Carson City,ocd-division/country:us/state:nv/place:carson_city,"1,726",,,No,,2014,195,False,138
2015-06-20 21:18:40.765000,nv-2014-06-10-primary,2014-06-10 00:00:00,2014-06-10 00:00:00,primary,certified,False,State Assembly,40,"O'Neill, Philip ""PK""",,,,,REP,Carson City,ocd-division/country:us/state:nv/place:carson_city,"2,920",,,Yes,,2014,60,False,48
2015-06-20 21:18:40.765000,nv-2014-06-10-primary,2014-06-10 00:00:00,2014-06-10 00:00:00,primary,certified,False,State Assembly,40,"Block, John ""Jed""",,,,,REP,Carson City,ocd-division/country:us/state:nv/place:carson_city,"1,897",,,No,,2014,60,False,48
